-- Database: ecomdb
-- ------------------------------------------------------


DROP TABLE IF EXISTS `addresses`;

CREATE TABLE `addresses` (
  `id` int NOT NULL AUTO_INCREMENT,
  `customer_id` int DEFAULT NULL,
  `country_id` int DEFAULT NULL,
  `first_name` varchar(45) NOT NULL,
  `last_name` varchar(45) NOT NULL,
  `phone_number` varchar(15) NOT NULL,
  `address_line_1` varchar(64) NOT NULL,
  `address_line_2` varchar(64) DEFAULT NULL,
  `city` varchar(45) NOT NULL,
  `state` varchar(45) NOT NULL,
  `postal_code` varchar(10) NOT NULL,
  `default_address` bit(1) DEFAULT NULL,
  PRIMARY KEY (`id`),
  KEY `FKn3sth7s3kur1rafwbbrqqnswt` (`country_id`),
  KEY `FKhrpf5e8dwasvdc5cticysrt2k` (`customer_id`)
) ENGINE=InnoDB AUTO_INCREMENT=14 DEFAULT CHARSET=utf8mb4 COLLATE=utf8mb4_0900_ai_ci;


DROP TABLE IF EXISTS `brands`;

CREATE TABLE `brands` (
  `id` int NOT NULL AUTO_INCREMENT,
  `name` varchar(45) NOT NULL,
  `logo` varchar(128) NOT NULL,
  PRIMARY KEY (`id`),
  UNIQUE KEY `UK_oce3937d2f4mpfqrycbr0l93m` (`name`)
) ENGINE=InnoDB AUTO_INCREMENT=80 DEFAULT CHARSET=utf8mb4 COLLATE=utf8mb4_0900_ai_ci;


DROP TABLE IF EXISTS `brands_categories`;

CREATE TABLE `brands_categories` (
  `brand_id` int NOT NULL,
  `category_id` int NOT NULL,
  PRIMARY KEY (`brand_id`,`category_id`),
  KEY `FK6x68tjj3eay19skqlhn7ls6ai` (`category_id`)
) ENGINE=InnoDB DEFAULT CHARSET=utf8mb4 COLLATE=utf8mb4_0900_ai_ci;


DROP TABLE IF EXISTS `cart_items`;

CREATE TABLE `cart_items` (
  `id` int NOT NULL AUTO_INCREMENT,
  `customer_id` int DEFAULT NULL,
  `product_id` int DEFAULT NULL,
  `quantity` int NOT NULL,
  PRIMARY KEY (`id`),
  KEY `FKdagcsk6v6x4n1kxw3rkp57921` (`customer_id`),
  KEY `FK1re40cjegsfvw58xrkdp6bac6` (`product_id`)
) ENGINE=InnoDB AUTO_INCREMENT=220 DEFAULT CHARSET=utf8mb4 COLLATE=utf8mb4_0900_ai_ci;


DROP TABLE IF EXISTS `categories`;

CREATE TABLE `categories` (
  `id` int NOT NULL AUTO_INCREMENT,
  `alias` varchar(64) NOT NULL,
  `enabled` bit(1) NOT NULL,
  `image` varchar(128) NOT NULL,
  `name` varchar(128) NOT NULL,
  `parent_id` int DEFAULT NULL,
  `all_parent_ids` varchar(256) DEFAULT NULL,
  PRIMARY KEY (`id`),
  UNIQUE KEY `UK_jx1ptm0r46dop8v0o7nmgfbeq` (`alias`),
  UNIQUE KEY `UK_t8o6pivur7nn124jehx7cygw5` (`name`),
  KEY `FKsaok720gsu4u2wrgbk10b5n8d` (`parent_id`)
) ENGINE=InnoDB AUTO_INCREMENT=109 DEFAULT CHARSET=utf8mb4 COLLATE=utf8mb4_0900_ai_ci;


DROP TABLE IF EXISTS `countries`;

CREATE TABLE `countries` (
  `id` int NOT NULL AUTO_INCREMENT,
  `name` varchar(45) NOT NULL,
  `code` varchar(5) NOT NULL,
  PRIMARY KEY (`id`)
) ENGINE=InnoDB AUTO_INCREMENT=255 DEFAULT CHARSET=utf8mb4 COLLATE=utf8mb4_0900_ai_ci;


DROP TABLE IF EXISTS `currencies`;

CREATE TABLE `currencies` (
  `id` int NOT NULL AUTO_INCREMENT,
  `name` varchar(64) NOT NULL,
  `symbol` varchar(3) NOT NULL,
  `code` varchar(4) NOT NULL,
  PRIMARY KEY (`id`)
) ENGINE=InnoDB AUTO_INCREMENT=22 DEFAULT CHARSET=utf8mb4 COLLATE=utf8mb4_0900_ai_ci;


DROP TABLE IF EXISTS `customers`;

CREATE TABLE `customers` (
  `id` int NOT NULL AUTO_INCREMENT,
  `email` varchar(45) NOT NULL,
  `password` varchar(64) NOT NULL,
  `first_name` varchar(45) NOT NULL,
  `last_name` varchar(45) NOT NULL,
  `phone_number` varchar(15) NOT NULL,
  `address_line_1` varchar(64) NOT NULL,
  `address_line_2` varchar(64) DEFAULT NULL,
  `city` varchar(45) NOT NULL,
  `state` varchar(45) NOT NULL,
  `country_id` int DEFAULT NULL,
  `postal_code` varchar(10) NOT NULL,
  `created_time` datetime(6) DEFAULT NULL,
  `enabled` bit(1) NOT NULL,
  `verification_code` varchar(64) DEFAULT NULL,
  `authentication_type` varchar(10) DEFAULT NULL,
  `reset_password_token` varchar(30) DEFAULT NULL,
  PRIMARY KEY (`id`),
  UNIQUE KEY `UK_rfbvkrffamfql7cjmen8v976v` (`email`),
  KEY `FK7b7p2myt0y31l4nyj1p7sk0b1` (`country_id`)
) ENGINE=InnoDB AUTO_INCREMENT=41 DEFAULT CHARSET=utf8mb4 COLLATE=utf8mb4_0900_ai_ci;


DROP TABLE IF EXISTS `order_details`;

CREATE TABLE `order_details` (
  `id` int NOT NULL AUTO_INCREMENT,
  `order_id` int DEFAULT NULL,
  `product_id` int DEFAULT NULL,
  `quantity` int NOT NULL,
  `unit_price` float NOT NULL,
  `subtotal` float NOT NULL,
  `product_cost` float NOT NULL,
  `shipping_cost` float NOT NULL,
  PRIMARY KEY (`id`),
  KEY `FKjyu2qbqt8gnvno9oe9j2s2ldk` (`order_id`),
  KEY `FK4q98utpd73imf4yhttm3w0eax` (`product_id`)
) ENGINE=InnoDB AUTO_INCREMENT=395 DEFAULT CHARSET=utf8mb4 COLLATE=utf8mb4_0900_ai_ci;


DROP TABLE IF EXISTS `orders`;

CREATE TABLE `orders` (
  `id` int NOT NULL AUTO_INCREMENT,
  `customer_id` int DEFAULT NULL,
  `order_time` datetime(6) DEFAULT NULL,
  `payment_method` varchar(255) DEFAULT NULL,
  `product_cost` float NOT NULL,
  `shipping_cost` float NOT NULL,
  `subtotal` float NOT NULL,
  `tax` float NOT NULL,
  `total` float NOT NULL,
  `status` varchar(255) DEFAULT NULL,
  `first_name` varchar(45) NOT NULL,
  `last_name` varchar(45) NOT NULL,
  `phone_number` varchar(15) NOT NULL,
  `address_line_1` varchar(64) NOT NULL,
  `address_line_2` varchar(64) DEFAULT NULL,
  `city` varchar(45) NOT NULL,
  `state` varchar(45) NOT NULL,
  `postal_code` varchar(10) NOT NULL,
  `country` varchar(45) NOT NULL,
  `deliver_days` int NOT NULL,
  `deliver_date` datetime(6) DEFAULT NULL,
  PRIMARY KEY (`id`),
  KEY `FKpxtb8awmi0dk6smoh2vp1litg` (`customer_id`)
) ENGINE=InnoDB AUTO_INCREMENT=254 DEFAULT CHARSET=utf8mb4 COLLATE=utf8mb4_0900_ai_ci;


DROP TABLE IF EXISTS `product_images`;

CREATE TABLE `product_images` (
  `id` int NOT NULL AUTO_INCREMENT,
  `name` varchar(255) NOT NULL,
  `product_id` int DEFAULT NULL,
  PRIMARY KEY (`id`),
  KEY `FKqnq71xsohugpqwf3c9gxmsuy` (`product_id`)
) ENGINE=InnoDB AUTO_INCREMENT=475 DEFAULT CHARSET=utf8mb4 COLLATE=utf8mb4_0900_ai_ci;


DROP TABLE IF EXISTS `order_track`;

CREATE TABLE `order_track` (
  `id` int NOT NULL AUTO_INCREMENT,
  `order_id` int DEFAULT NULL,
  `status` varchar(45) NOT NULL,
  `updated_time` datetime(6) DEFAULT NULL,
  `notes` varchar(256) DEFAULT NULL,
  PRIMARY KEY (`id`),
  KEY `FK31jv1s212kajfn3kk1ksmnyfl` (`order_id`)
) ENGINE=InnoDB AUTO_INCREMENT=757 DEFAULT CHARSET=utf8mb4 COLLATE=utf8mb4_0900_ai_ci;


DROP TABLE IF EXISTS `product_details`;

CREATE TABLE `product_details` (
  `id` int NOT NULL AUTO_INCREMENT,
  `name` varchar(255) NOT NULL,
  `value` varchar(255) NOT NULL,
  `product_id` int DEFAULT NULL,
  PRIMARY KEY (`id`),
  KEY `FKnfvvq3meg4ha3u1bju9k4is3r` (`product_id`)
) ENGINE=InnoDB AUTO_INCREMENT=859 DEFAULT CHARSET=utf8mb4 COLLATE=utf8mb4_0900_ai_ci;


DROP TABLE IF EXISTS `products`;

CREATE TABLE `products` (
  `id` int NOT NULL AUTO_INCREMENT,
  `name` varchar(256) NOT NULL,
  `alias` varchar(256) NOT NULL,
  `short_description` varchar(1024) NOT NULL,
  `full_description` varchar(8192) NOT NULL,
  `main_image` varchar(255) NOT NULL,
  `created_time` datetime(6) DEFAULT NULL,
  `updated_time` datetime(6) DEFAULT NULL,
  `enabled` bit(1) NOT NULL DEFAULT b'1',
  `in_stock` bit(1) DEFAULT b'1',
  `cost` float NOT NULL DEFAULT '0',
  `price` float NOT NULL DEFAULT '0',
  `discount_percent` float DEFAULT '0',
  `length` float NOT NULL DEFAULT '0',
  `width` float NOT NULL DEFAULT '0',
  `height` float NOT NULL DEFAULT '0',
  `weight` float NOT NULL DEFAULT '0',
  `brand_id` int DEFAULT NULL,
  `category_id` int DEFAULT NULL,
  `average_rating` float NOT NULL,
  `review_count` int NOT NULL,
  PRIMARY KEY (`id`),
  UNIQUE KEY `UK_8qwq8q3hk7cxkp9gruxupnif5` (`alias`),
  UNIQUE KEY `UK_o61fmio5yukmmiqgnxf8pnavn` (`name`),
  KEY `FKa3a4mpsfdf4d2y6r8ra3sc8mv` (`brand_id`),
  KEY `FKog2rp4qthbtt2lfyhfo32lsw9` (`category_id`),
  FULLTEXT KEY `products_FTS` (`name`,`short_description`,`full_description`)
) ENGINE=InnoDB AUTO_INCREMENT=139 DEFAULT CHARSET=utf8mb4 COLLATE=utf8mb4_0900_ai_ci;


DROP TABLE IF EXISTS `review_votes`;

CREATE TABLE `review_votes` (
  `id` int NOT NULL AUTO_INCREMENT,
  `votes` int NOT NULL,
  `customer_id` int DEFAULT NULL,
  `review_id` int DEFAULT NULL,
  PRIMARY KEY (`id`),
  KEY `FK1gcn1t649dupg1tobjdeemyq0` (`customer_id`),
  KEY `FK5bf4o4ap2v7g3qpxt8y28a38x` (`review_id`)
) ENGINE=InnoDB AUTO_INCREMENT=27 DEFAULT CHARSET=utf8mb4 COLLATE=utf8mb4_0900_ai_ci;


DROP TABLE IF EXISTS `reviews`;

CREATE TABLE `reviews` (
  `id` int NOT NULL AUTO_INCREMENT,
  `comment` varchar(300) NOT NULL,
  `headline` varchar(128) NOT NULL,
  `rating` int NOT NULL,
  `review_time` datetime(6) NOT NULL,
  `customer_id` int DEFAULT NULL,
  `product_id` int DEFAULT NULL,
  `votes` int NOT NULL,
  PRIMARY KEY (`id`),
  KEY `FK4sm0k8kw740iyuex3vwwv1etu` (`customer_id`),
  KEY `FKpl51cejpw4gy5swfar8br9ngi` (`product_id`)
) ENGINE=InnoDB AUTO_INCREMENT=71 DEFAULT CHARSET=utf8mb4 COLLATE=utf8mb4_0900_ai_ci;


DROP TABLE IF EXISTS `roles`;

CREATE TABLE `roles` (
  `id` int NOT NULL AUTO_INCREMENT,
  `description` varchar(150) NOT NULL,
  `name` varchar(40) NOT NULL,
  PRIMARY KEY (`id`),
  UNIQUE KEY `UK_ofx66keruapi6vyqpv6f2or37` (`name`)
) ENGINE=InnoDB AUTO_INCREMENT=16 DEFAULT CHARSET=utf8mb4 COLLATE=utf8mb4_0900_ai_ci;


DROP TABLE IF EXISTS `settings`;

CREATE TABLE `settings` (
  `key` varchar(128) NOT NULL,
  `value` varchar(1024) NOT NULL,
  `category` varchar(45) NOT NULL,
  PRIMARY KEY (`key`)
) ENGINE=InnoDB DEFAULT CHARSET=utf8mb4 COLLATE=utf8mb4_0900_ai_ci;


DROP TABLE IF EXISTS `shipping_rates`;

CREATE TABLE `shipping_rates` (
  `id` int NOT NULL AUTO_INCREMENT,
  `country_id` int DEFAULT NULL,
  `state` varchar(45) NOT NULL,
  `rate` float NOT NULL,
  `days` int NOT NULL,
  `cod_supported` bit(1) DEFAULT NULL,
  PRIMARY KEY (`id`),
  KEY `FKef7sfgeybt3xn13nlt2j6sljw` (`country_id`)
) ENGINE=InnoDB AUTO_INCREMENT=51 DEFAULT CHARSET=utf8mb4 COLLATE=utf8mb4_0900_ai_ci;


DROP TABLE IF EXISTS `states`;

CREATE TABLE `states` (
  `id` int NOT NULL AUTO_INCREMENT,
  `name` varchar(45) NOT NULL,
  `country_id` int DEFAULT NULL,
  PRIMARY KEY (`id`),
  KEY `FKskkdphjml9vjlrqn4m5hi251y` (`country_id`)
) ENGINE=InnoDB AUTO_INCREMENT=436 DEFAULT CHARSET=utf8mb4 COLLATE=utf8mb4_0900_ai_ci;


DROP TABLE IF EXISTS `users`;

CREATE TABLE `users` (
  `id` int NOT NULL AUTO_INCREMENT,
  `email` varchar(128) NOT NULL,
  `enabled` bit(1) NOT NULL,
  `first_name` varchar(45) NOT NULL,
  `last_name` varchar(45) NOT NULL,
  `password` varchar(64) NOT NULL,
  `photos` varchar(64) DEFAULT NULL,
  PRIMARY KEY (`id`),
  UNIQUE KEY `UK_6dotkott2kjsp8vw4d0m25fb7` (`email`)
) ENGINE=InnoDB AUTO_INCREMENT=54 DEFAULT CHARSET=utf8mb4 COLLATE=utf8mb4_0900_ai_ci;


DROP TABLE IF EXISTS `users_roles`;

CREATE TABLE `users_roles` (
  `user_id` int NOT NULL,
  `role_id` int NOT NULL,
  PRIMARY KEY (`user_id`,`role_id`),
  KEY `FKj6m8fwv7oqv74fcehir1a9ffy` (`role_id`)
) ENGINE=InnoDB DEFAULT CHARSET=utf8mb4 COLLATE=utf8mb4_0900_ai_ci;



--
-- DATA
--

LOCK TABLES `addresses` WRITE;
/*!40000 ALTER TABLE `addresses` DISABLE KEYS */;
INSERT INTO `addresses` VALUES (11,39,190,'Costin','Chelu','0722401820','Str. Bibescu Vodă, nr. 1','sector 3','București','Bucharest','345566',_binary '\0'),(12,1,190,'Elena','Dumitru','0745678234','Str. Florilor, nr 11','','Moreni','Dâmbovița','459983',_binary '\0'),(13,39,190,'Alin','Chelu','0755224488','Strada Axente Sever, nr 24','','Sighișoara','Mureș','587114',_binary '\0');
/*!40000 ALTER TABLE `addresses` ENABLE KEYS */;
UNLOCK TABLES;


LOCK TABLES `brands` WRITE;
/*!40000 ALTER TABLE `brands` DISABLE KEYS */;
INSERT INTO `brands` VALUES (4,'HP','HP.png'),(5,'SanDisk','SanDisk.png'),(7,'Panasonic','Panasonic.png'),(8,'Pelican','Pelican.png'),(10,'Samsung','Samsung.png'),(12,'CADeN','Caden.png'),(15,'Neewer','Neewer.png'),(17,'Bosch','Bosch.png'),(18,'Joby','Joby.png'),(21,'Google','Google.png'),(22,'LG','LG.png'),(23,'Motorola','Motorola.png'),(24,'Pantech','Pantech.png'),(25,'Huawei','Huawei.png'),(26,'Xiaomi','Xiaomi.png'),(27,'HOVAMP','Hovamp.png'),(28,'Aioneus','Aioneus.png'),(29,'XIAE','XIAE.png'),(30,'Everyworth','Everyworth.png'),(31,'Lexar','Lexar.png'),(32,'Nulaxy','Nulaxy.png'),(33,'Fitfort','Fitfort.png'),(34,'PopSockets','PopSocket.png'),(35,'SHAWE','SHAWE.png'),(36,'Lenovo','Lenovo.png'),(39,'Intel','Intel.png'),(41,'Microsoft','Microsoft.png'),(42,'DragonTouch','DragonTouch.png'),(44,'XFX','XFX.png'),(47,'Cosair','Corsair.png'),(48,'Thermaltake','Thermaltake.png'),(49,'Kingston','Kingston.png'),(51,'Crucial','Crucial.png'),(52,'HyperX','HyperX.png'),(54,'TP-Link','TP-Link.png'),(58,'Infineon Tehnologies','infineon.png'),(59,'DC Components','dc_components.png'),(60,'Nexperia','nexperia.png'),(61,'Analog Devices','analog_devices.png'),(62,'TE Connectivity','te_connectivity.jpg'),(63,'Luguang Electronic','luguang.jpg'),(64,'CDIL','cdil.png'),(65,'NTE Electronics','NTE.png'),(66,'Littlefuse','littlefuse.jpg'),(67,'Diotec Semiconductor','diotec.png'),(68,'Advanced Thermal Solutions','advanced_therm_sol.png'),(69,'Hammond Manufacturing','hammond.png'),(70,'Fastron','fastron.png'),(71,'Samwa','samwa.png'),(72,'Kyocera AVX','snap00382.png'),(73,'Kemet','snap00387.png'),(74,'Brother Tehnologies LTD','brother.jfif'),(75,'IQD','snap00398.png'),(76,'Viking','snap00401.png'),(77,'Royalohm','snap00407.png'),(78,'TDK','snap00410.png'),(79,'Vishay','snap00416.png');
/*!40000 ALTER TABLE `brands` ENABLE KEYS */;
UNLOCK TABLES;


LOCK TABLES `brands_categories` WRITE;
/*!40000 ALTER TABLE `brands_categories` DISABLE KEYS */;
INSERT INTO `brands_categories` VALUES (27,41),(28,41),(29,41),(30,41),(34,41),(42,41),(44,41),(70,41),(78,41),(4,46),(7,46),(8,46),(10,46),(12,46),(15,46),(17,46),(18,46),(22,46),(23,46),(24,46),(26,46),(32,46),(33,46),(34,46),(35,46),(36,46),(42,46),(44,46),(48,46),(49,46),(51,46),(68,46),(58,48),(59,48),(60,48),(61,48),(63,48),(64,48),(66,48),(67,48),(72,48),(58,49),(59,49),(60,49),(61,49),(64,49),(66,49),(67,49),(72,49),(58,50),(59,50),(60,50),(61,50),(64,50),(66,50),(67,50),(72,50),(58,51),(59,51),(60,51),(61,51),(64,51),(66,51),(67,51),(72,51),(58,54),(59,54),(60,54),(61,54),(63,54),(64,54),(65,54),(66,54),(67,54),(72,54),(58,55),(59,55),(60,55),(61,55),(63,55),(64,55),(65,55),(66,55),(67,55),(72,55),(58,56),(59,56),(60,56),(61,56),(63,56),(64,56),(65,56),(66,56),(67,56),(72,56),(58,57),(59,57),(60,57),(61,57),(63,57),(64,57),(65,57),(66,57),(67,57),(72,57),(39,59),(58,59),(59,59),(60,59),(61,59),(67,59),(39,60),(58,60),(59,60),(60,60),(61,60),(67,60),(39,61),(58,61),(59,61),(60,61),(61,61),(67,61),(39,62),(58,62),(59,62),(60,62),(61,62),(67,62),(39,63),(58,63),(59,63),(60,63),(61,63),(63,63),(67,63),(39,64),(58,64),(59,64),(60,64),(61,64),(63,64),(64,64),(67,64),(72,64),(58,65),(59,65),(60,65),(67,65),(72,65),(59,66),(60,66),(62,66),(65,66),(68,66),(73,66),(59,68),(70,68),(59,69),(61,69),(66,69),(69,69),(72,69),(73,69),(76,69),(77,69),(78,69),(79,69),(59,70),(61,70),(63,70),(66,70),(69,70),(72,70),(73,70),(76,70),(77,70),(78,70),(79,70),(59,71),(61,71),(66,71),(69,71),(72,71),(73,71),(76,71),(77,71),(78,71),(59,72),(61,72),(63,72),(66,72),(69,72),(70,72),(72,72),(73,72),(76,72),(77,72),(78,72),(79,72),(7,74),(59,74),(61,74),(66,74),(69,74),(70,74),(71,74),(72,74),(73,74),(74,74),(78,74),(7,75),(59,75),(61,75),(66,75),(69,75),(70,75),(71,75),(72,75),(73,75),(74,75),(78,75),(7,76),(59,76),(61,76),(63,76),(66,76),(69,76),(70,76),(71,76),(72,76),(73,76),(74,76),(78,76),(7,77),(59,77),(61,77),(66,77),(69,77),(71,77),(72,77),(73,77),(74,77),(78,77),(7,78),(59,78),(61,78),(63,78),(66,78),(69,78),(71,78),(72,78),(73,78),(74,78),(78,78),(59,79),(61,79),(66,79),(72,79),(73,79),(75,79),(61,80),(69,80),(70,80),(78,80),(5,81),(10,81),(31,81),(47,81),(49,81),(51,81),(52,81),(27,82),(28,82),(29,82),(30,82),(34,82),(42,82),(44,82),(70,82),(78,82),(10,83),(27,83),(28,83),(29,83),(30,83),(33,83),(34,83),(35,83),(42,83),(44,83),(70,83),(78,83),(10,84),(27,84),(28,84),(29,84),(30,84),(34,84),(42,84),(44,84),(70,84),(78,84),(69,85),(70,85),(73,85),(69,86),(73,86),(76,86),(69,87),(76,87),(69,88),(70,88),(47,89),(69,89),(69,90),(70,90),(76,90),(21,91),(23,91),(41,91),(17,92),(26,92),(69,93),(70,93),(73,93),(17,94),(26,95),(59,95),(4,96),(12,96),(22,96),(25,96),(26,96),(36,96),(59,97),(59,98),(7,100),(23,100),(59,100),(7,101),(23,101),(25,101),(59,101),(23,102),(39,102),(59,102),(23,103),(25,103),(26,103),(59,103),(7,105),(12,105),(17,105),(18,105),(22,105),(23,105),(24,105),(25,105),(26,105),(33,105),(4,106),(7,106),(12,106),(17,106),(22,106),(23,106),(25,106),(26,106),(35,106),(36,106),(51,106),(52,106),(68,107),(69,107),(7,108),(23,108),(25,108),(54,108),(59,108);
/*!40000 ALTER TABLE `brands_categories` ENABLE KEYS */;
UNLOCK TABLES;


LOCK TABLES `cart_items` WRITE;
/*!40000 ALTER TABLE `cart_items` DISABLE KEYS */;
INSERT INTO `cart_items` VALUES (120,9,110,1),(167,1,131,2);
/*!40000 ALTER TABLE `cart_items` ENABLE KEYS */;
UNLOCK TABLES;


LOCK TABLES `categories` WRITE;
/*!40000 ALTER TABLE `categories` DISABLE KEYS */;
INSERT INTO `categories` VALUES (39,'cabluri',_binary '','cabluri.jpg','Cabluri',NULL,NULL),(40,'componente',_binary '','tiristor-mcr100-6.jpg','Componente',NULL,NULL),(41,'conectori',_binary '','conectori.jpg','Elemente de conectare',39,'-39-'),(42,'comutatoare',_binary '','comutator.jpg','Comutatoare',NULL,NULL),(43,'opto',_binary '','leduri.jpg','Optoelectronică',NULL,NULL),(44,'echipamente',_binary '','multimetru.webp','Echipamente',NULL,NULL),(45,'module',_binary '','arduino.jpg','Module',44,'-44-'),(46,'materiale',_binary '','fir_contact.jpg','Materiale',NULL,NULL),(47,'diode',_binary '','diode.webp','Diode',52,'-40-52-'),(48,'diode_univ',_binary '','diode_univ.jpg','Diode universale',47,'-40-52-47-'),(49,'diode_zenner',_binary '','zenner.jpg','Diode Zener',47,'-40-52-47-'),(50,'diode_transil',_binary '','transil.jpg','Diode Transil',47,'-40-52-47-'),(51,'diode_shott',_binary '','schottky.jfif','Diode Schottky',47,'-40-52-47-'),(52,'semiconductori',_binary '','semiconductor.jpg','Semiconductori',40,'-40-'),(53,'tranzistori',_binary '','tranzistori.webp','Tranzistori',52,'-40-52-'),(54,'tranz_uni',_binary '','trans_unipolar.jpg','Tranzistori unipolari',53,'-40-52-53-'),(55,'tranz_bi',_binary '','trans bipolar.png','Tranzistori bipolari',53,'-40-52-53-'),(56,'tranz_unijonctiune',_binary '','trans_unijonc.jpg','Tranzistori unijoncțiune',53,'-40-52-53-'),(57,'triace',_binary '','triace.webp','Triace',53,'-40-52-53-'),(58,'circuite_integrate',_binary '','circuite_integrate.webp','Circuite integrate',52,'-40-52-'),(59,'integrate_analogice',_binary '','circ_analog.jpg','Circuite integrate analogice și mixte',58,'-40-52-58-'),(60,'integrate_logice',_binary '','circ_logice.jpg','Circuite integrate logice',58,'-40-52-58-'),(61,'micro',_binary '','microcontroller.jpg','Microcontrolere și microprocesoare',58,'-40-52-58-'),(62,'circ_periferice',_binary '','circ_int_perif.jpg','Circuite integrate periferice',58,'-40-52-58-'),(63,'circ_alte',_binary '','circ_alte.jpg','Circuite integrate (alte)',58,'-40-52-58-'),(64,'reg_tens',_binary '','regl_tens.jpg','Regulatori de tensiune',58,'-40-52-58-'),(65,'diace',_binary '','diace.webp','Diace',52,'-40-52-'),(66,'semiconductori_acces',_binary '','accesorii_semic.webp','Accesorii semiconductori',52,'-40-52-'),(67,'pasive',_binary '','comp_pasive_2.jpg','Componente pasive',40,'-40-'),(68,'rezistente',_binary '','rezistente.webp','Rezistențe',67,'-40-67-'),(69,'rezistente_smd',_binary '','res_smd.jpg','Rezistențe SMD',68,'-40-67-68-'),(70,'res_tht',_binary '','res_tht.jpg','Rezistențe THT',68,'-40-67-68-'),(71,'termistori',_binary '','termistori.webp','Termistori',68,'-40-67-68-'),(72,'potentiometre',_binary '','potentiometre.webp','Potențiometre',68,'-40-67-68-'),(73,'condensatoare',_binary '','condensatoare.webp','Condensatoare',67,'-40-67-'),(74,'condens_smd',_binary '','cond_smd.jpg','Condensatoare SMD',73,'-40-67-73-'),(75,'condens_electrolitic',_binary '','condens_electrolitic.jpg','Condensatoare electrolitice',73,'-40-67-73-'),(76,'condens_polim',_binary '','polimer.jfif','Condensatoare polimerice',73,'-40-67-73-'),(77,'condens_tantal',_binary '','condens_tantal.jpg','Condensatoare tantal',73,'-40-67-73-'),(78,'supercondens',_binary '','supercondens.jpg','Condensatoare super',73,'-40-67-73-'),(79,'cuartz',_binary '','cuartz.webp','Oscilatoare cuartz',67,'-40-67-'),(80,'bobine',_binary '','bobine.webp','Bobine de inducție',67,'-40-67-'),(81,'carduri',_binary '','sd_card.jfif','Carduri de memorie',44,'-44-'),(82,'conductoare',_binary '','conductoare.webp','Cabluri conductoare',39,'-39-'),(83,'cabluri_date',_binary '','cabluri_date.webp','Cabluri de date',39,'-39-'),(84,'cabluri_av',_binary '','cabluri_av.jpg','Cabluri audio-video',39,'-39-'),(85,'relee_solid',_binary '','relee_ss.jpg','Relee Solid State',42,'-42-'),(86,'relee_electrom',_binary '','relee_electrom.jpg','Relee electromecanice',42,'-42-'),(87,'microcomutatoare',_binary '','microcomutatoare.webp','Microcomutatoare',42,'-42-'),(88,'intrerupatoare',_binary '\0','intrerupatoare.webp','Întrerupătoare',42,'-42-'),(89,'tastaturi',_binary '\0','tastaturi.webp','Tastaturi',42,'-42-'),(90,'controale',_binary '','controale.webp','Controale',42,'-42-'),(91,'software',_binary '\0','software.jpg','Software',44,'-44-'),(92,'Scule',_binary '','scule.jpg','Instrumente pt. electronică',44,'-44-'),(93,'sigurante',_binary '','sigurante.webp','Siguranțe',42,'-42-'),(94,'aparatura',_binary '','aparatura.webp','Aparatură de măsurare',44,'-44-'),(95,'led',_binary '','leduri.jpg','LED-uri',43,'-43-'),(96,'afisaje',_binary '\0','afisaje.webp','Afișaje',43,'-43-'),(97,'optocuploare',_binary '','optocuploare.webp','Optocuploare',43,'-43-'),(98,'laser',_binary '\0','laser.webp','Laser',43,'-43-'),(99,'fotoelemente',_binary '','fotoelemente.webp','Fotoelemente',43,'-43-'),(100,'module_av',_binary '','module_av.webp','Module audio-video',45,'-44-45-'),(101,'module_alimentare',_binary '','module_alim.webp','Module de alimentare',45,'-44-45-'),(102,'module_prog',_binary '','controllere_prog.webp','Controllere programabile',45,'-44-45-'),(103,'senzori',_binary '','senzori.webp','Senzori',45,'-44-45-'),(104,'surse',_binary '','surse_energie.webp','Surse de energie',44,'-44-'),(105,'baterii',_binary '\0','baterii.webp','Baterii și acumulatori',104,'-44-104-'),(106,'alimentatoare',_binary '','alimentatoare.webp','Alimentatoare',104,'-44-104-'),(107,'elem_racire',_binary '','elem_racire.webp','Elemente de răcire',40,'-40-'),(108,'module_comm',_binary '','module_comm.webp','Module de comunicare',45,'-44-45-');
/*!40000 ALTER TABLE `categories` ENABLE KEYS */;
UNLOCK TABLES;


LOCK TABLES `countries` WRITE;
/*!40000 ALTER TABLE `countries` DISABLE KEYS */;
INSERT INTO `countries` VALUES (1,'Andorra','AD'),(2,'United Arab Emirates','AE'),(3,'Afghanistan','AF'),(4,'Antigua and Barbuda','AG'),(5,'Anguilla','AI'),(6,'Albania','AL'),(7,'Armenia','AM'),(8,'Netherlands Antilles','AN'),(9,'Angola','AO'),(10,'Antarctica','AQ'),(11,'Argentina','AR'),(12,'American Samoa','AS'),(13,'Austria','AT'),(14,'Australia','AU'),(15,'Aruba','AW'),(16,'Åland Islands','AX'),(17,'Azerbaijan','AZ'),(18,'Bosnia and Herzegovina','BA'),(19,'Barbados','BB'),(20,'Bangladesh','BD'),(21,'Belgium','BE'),(22,'Burkina Faso','BF'),(23,'Bulgaria','BG'),(24,'Bahrain','BH'),(25,'Burundi','BI'),(26,'Benin','BJ'),(27,'Saint Barthélemy','BL'),(28,'Bermuda','BM'),(29,'Brunei','BN'),(30,'Bolivia','BO'),(31,'Bonaire, Sint Eustatius and Saba','BQ'),(32,'Brazil','BR'),(33,'Bahamas','BS'),(34,'Bhutan','BT'),(35,'Bouvet Island','BV'),(36,'Botswana','BW'),(37,'Belarus','BY'),(38,'Belize','BZ'),(39,'Canada','CA'),(40,'Cocos Islands','CC'),(41,'The Democratic Republic Of Congo','CD'),(42,'Central African Republic','CF'),(43,'Congo','CG'),(44,'Switzerland','CH'),(45,'Côte d\'Ivoire','CI'),(46,'Cook Islands','CK'),(47,'Chile','CL'),(48,'Cameroon','CM'),(49,'China','CN'),(50,'Colombia','CO'),(51,'Costa Rica','CR'),(52,'Cuba','CU'),(53,'Cape Verde','CV'),(54,'Curaçao','CW'),(55,'Christmas Island','CX'),(56,'Cyprus','CY'),(57,'Czech Republic','CZ'),(58,'Germany','DE'),(59,'Djibouti','DJ'),(60,'Denmark','DK'),(61,'Dominica','DM'),(62,'Dominican Republic','DO'),(63,'Algeria','DZ'),(64,'Ecuador','EC'),(65,'Estonia','EE'),(66,'Egypt','EG'),(67,'Western Sahara','EH'),(68,'Eritrea','ER'),(69,'Spain','ES'),(70,'Ethiopia','ET'),(71,'Finland','FI'),(72,'Fiji','FJ'),(73,'Falkland Islands','FK'),(74,'Micronesia','FM'),(75,'Faroe Islands','FO'),(76,'France','FR'),(77,'Gabon','GA'),(78,'United Kingdom','GB'),(79,'Grenada','GD'),(80,'Georgia','GE'),(81,'French Guiana','GF'),(82,'Guernsey','GG'),(83,'Ghana','GH'),(84,'Gibraltar','GI'),(85,'Greenland','GL'),(86,'Gambia','GM'),(87,'Guinea','GN'),(88,'Guadeloupe','GP'),(89,'Equatorial Guinea','GQ'),(90,'Greece','GR'),(91,'South Georgia And The South Sandwich Islands','GS'),(92,'Guatemala','GT'),(93,'Guam','GU'),(94,'Guinea-Bissau','GW'),(95,'Guyana','GY'),(96,'Hong Kong','HK'),(97,'Heard Island And McDonald Islands','HM'),(98,'Honduras','HN'),(99,'Croatia','HR'),(100,'Haiti','HT'),(101,'Hungary','HU'),(102,'Indonesia','ID'),(103,'Ireland','IE'),(104,'Israel','IL'),(105,'Isle Of Man','IM'),(106,'India','IN'),(107,'British Indian Ocean Territory','IO'),(108,'Iraq','IQ'),(109,'Iran','IR'),(110,'Iceland','IS'),(111,'Italy','IT'),(112,'Jersey','JE'),(113,'Jamaica','JM'),(114,'Jordan','JO'),(115,'Japan','JP'),(116,'Kenya','KE'),(117,'Kyrgyzstan','KG'),(118,'Cambodia','KH'),(119,'Kiribati','KI'),(120,'Comoros','KM'),(121,'Saint Kitts And Nevis','KN'),(122,'North Korea','KP'),(123,'South Korea','KR'),(124,'Kuwait','KW'),(125,'Cayman Islands','KY'),(126,'Kazakhstan','KZ'),(127,'Laos','LA'),(128,'Lebanon','LB'),(129,'Saint Lucia','LC'),(130,'Liechtenstein','LI'),(131,'Sri Lanka','LK'),(132,'Liberia','LR'),(133,'Lesotho','LS'),(134,'Lithuania','LT'),(135,'Luxembourg','LU'),(136,'Latvia','LV'),(137,'Libya','LY'),(138,'Morocco','MA'),(139,'Monaco','MC'),(140,'Moldova','MD'),(141,'Montenegro','ME'),(142,'Saint Martin','MF'),(143,'Madagascar','MG'),(144,'Marshall Islands','MH'),(145,'Macedonia','MK'),(146,'Mali','ML'),(147,'Myanmar','MM'),(148,'Mongolia','MN'),(149,'Macao','MO'),(150,'Northern Mariana Islands','MP'),(151,'Martinique','MQ'),(152,'Mauritania','MR'),(153,'Montserrat','MS'),(154,'Malta','MT'),(155,'Mauritius','MU'),(156,'Maldives','MV'),(157,'Malawi','MW'),(158,'Mexico','MX'),(159,'Malaysia','MY'),(160,'Mozambique','MZ'),(161,'Namibia','NA'),(162,'New Caledonia','NC'),(163,'Niger','NE'),(164,'Norfolk Island','NF'),(165,'Nigeria','NG'),(166,'Nicaragua','NI'),(167,'Netherlands','NL'),(168,'Norway','NO'),(169,'Nepal','NP'),(170,'Nauru','NR'),(171,'Niue','NU'),(172,'New Zealand','NZ'),(173,'Oman','OM'),(174,'Panama','PA'),(175,'Peru','PE'),(176,'French Polynesia','PF'),(177,'Papua New Guinea','PG'),(178,'Philippines','PH'),(179,'Pakistan','PK'),(180,'Poland','PL'),(181,'Saint Pierre And Miquelon','PM'),(182,'Pitcairn','PN'),(183,'Puerto Rico','PR'),(184,'Palestine','PS'),(185,'Portugal','PT'),(186,'Palau','PW'),(187,'Paraguay','PY'),(188,'Qatar','QA'),(189,'Reunion','RE'),(190,'Romania','RO'),(191,'Serbia','RS'),(192,'Russia','RU'),(193,'Rwanda','RW'),(194,'Saudi Arabia','SA'),(195,'Solomon Islands','SB'),(196,'Seychelles','SC'),(197,'Sudan','SD'),(198,'Sweden','SE'),(199,'Singapore','SG'),(200,'Saint Helena','SH'),(201,'Slovenia','SI'),(202,'Svalbard And Jan Mayen','SJ'),(203,'Slovakia','SK'),(204,'Sierra Leone','SL'),(205,'San Marino','SM'),(206,'Senegal','SN'),(207,'Somalia','SO'),(208,'Suriname','SR'),(209,'South Sudan','SS'),(210,'Sao Tome And Principe','ST'),(211,'El Salvador','SV'),(212,'Sint Maarten (Dutch part)','SX'),(213,'Syria','SY'),(214,'Swaziland','SZ'),(215,'Turks And Caicos Islands','TC'),(216,'Chad','TD'),(217,'French Southern Territories','TF'),(218,'Togo','TG'),(219,'Thailand','TH'),(220,'Tajikistan','TJ'),(221,'Tokelau','TK'),(222,'Timor-Leste','TL'),(223,'Turkmenistan','TM'),(224,'Tunisia','TN'),(225,'Tonga','TO'),(226,'Turkey','TR'),(227,'Trinidad and Tobago','TT'),(228,'Tuvalu','TV'),(229,'Taiwan','TW'),(230,'Tanzania','TZ'),(231,'Ukraine','UA'),(232,'Uganda','UG'),(233,'United States Minor Outlying Islands','UM'),(234,'United States','US'),(235,'Uruguay','UY'),(236,'Uzbekistan','UZ'),(237,'Vatican','VA'),(238,'Saint Vincent And The Grenadines','VC'),(239,'Venezuela','VE'),(240,'British Virgin Islands','VG'),(241,'U.S. Virgin Islands','VI'),(242,'Vietnam','VN'),(243,'Vanuatu','VU'),(244,'Wallis And Futuna','WF'),(245,'Samoa','WS'),(246,'Yemen','YE'),(247,'Mayotte','YT'),(248,'South Africa','ZA'),(249,'Zambia','ZM'),(251,'Zimbabwe','ZW');
/*!40000 ALTER TABLE `countries` ENABLE KEYS */;
UNLOCK TABLES;


LOCK TABLES `currencies` WRITE;
/*!40000 ALTER TABLE `currencies` DISABLE KEYS */;
INSERT INTO `currencies` VALUES (1,'Leu','lei','RON'),(2,'Euro','€','EUR'),(3,'United States Dollar','$','USD'),(4,'British Pound','£','GBP'),(5,'Moldavian Leu','MOL','MDL'),(6,'Bulgarian Leva','BL','BGN'),(7,'Hungarian Forint','F','HUF'),(8,'Swedish Crown','SWE','SEK'),(9,'Japanese Yen','¥','JPY'),(10,'Chinese Yuan','¥','CNY'),(21,'Polish Zloty','zt','PLN');
/*!40000 ALTER TABLE `currencies` ENABLE KEYS */;
UNLOCK TABLES;


LOCK TABLES `customers` WRITE;
/*!40000 ALTER TABLE `customers` DISABLE KEYS */;
INSERT INTO `customers` VALUES (1,'sergiu.dumitru@nomail.com','$2a$10$W2yFVA1f7tO5QzbUUiUxyOAmtRlmcqdC57PT/3rx1VHEGJ2eG2.QS','Sergiu','Dumitru','0745678901','Str. Ion Neculce 24','bl. M14, scara 1, et. 2, ap. 12','Suceava','Suceava',190,'550000','2022-02-09 03:18:58.000000',_binary '',NULL,'DATABASE',NULL),(2,'lorana.visan@nomail.com','$2a$10$Of6r3sDPdGvJ.mbbnLTJneYBIEPSAzl10qGj6GXhFB7uaKW4Ty7Ki','Lorana','Vișan','0726789012','Strada Gheorghe Doja nr. 2','Alexandria','Alexandria','Teleorman',190,'140045','2020-10-09 03:21:29.000000',_binary '',NULL,'DATABASE',NULL),(3,'corina.ardelean@nomail.com','$2a$10$Ujhc5.Egt8nL01JirsQKw.FFwrTaHLIJhsWvPFcIbjORzk8LSIa0G','Corina','Ardelean','0239614290','Strada George Enescu 71, Bl. 1, Ap. 12','','Brăila','Brăila',190,'817181','2020-10-09 03:24:42.000000',_binary '',NULL,'DATABASE',NULL),(4,'gheorghe.plesu@nomail.com','$2a$10$jYljqYQDCi6XGj40/Uo/1OviZc.o5Qo/H9kjYcEdwwskOR3SvODvu','Gheorghe','Pleșu','22111065','Str 31 august 1989, nr 5','','Chișinău','Chișinău',140,'2000','2020-06-09 03:27:48.000000',_binary '',NULL,'DATABASE',NULL),(5,'yoana.petrova@nomail.com','$2a$10$g8f8tUgMb2mIK99fCPPB7OBH5y1b4W5cY2wN.P9DNmURI648jQaCq','Yoana','Petrova','35982861758','ul. \"Madan\" 12, 7016 g.k. Druzhba 2 ','Ruse, Bulgaria','Ruse','Ruse',23,'7016','2020-10-09 03:29:39.000000',_binary '',NULL,'DATABASE','IyNxSe5iY66Hw6P4bkcYhDxsms1KRF'),(9,'toth.annamaria@gmail.com','$2a$10$v4egsAxfTnnd/FXYJck0SOH4Zyorx0vm7zf3YasBd7qEdp/V5NKt6','Annamária','Tóth','36703150486','Szotyori u. 55, 4031','','Debrecen','Hajdú-Bihar',101,'4031','2020-10-11 03:40:04.000000',_binary '',NULL,'DATABASE',NULL),(10,'sanda.goldis@nomail.com','$2a$10$JutdRyGFrXPp.2xLln1BXe.JuidXEf.6VKxlpKEUp0Vky6qWgMhDO','Sanda','Goldiș','0723456789','Str. Take Ionescu 18, bl C1, ap. 34','','Cluj-Napoca','Cluj',190,'400067','2020-10-11 03:43:12.000000',_binary '',NULL,'DATABASE',NULL),(11,'madalina.manescu@nomail.com','$2a$10$EMPCc8Bz9MJuDL5bt8cguu622pey2skNz54JXaqtiSqDwN.JlMBVC','Madalina','Manescu','0734567901','Strada Mișu Pop 9','Râșnov Romacril ','Râșnov','Brașov',190,'505400','2020-10-11 03:44:55.000000',_binary '',NULL,'DATABASE',NULL),(12,'oliwia.pietruszewska@gmail.com','$2a$10$dXsBVS0w8vjpeOBRm4q2ouIRbAxvgXgMvmjhELMJmoGgSqSeXJ5wu','Oliwia','Pietruszewska','48126489948','al. Jana Pawła II 160, 31-982','Kraków, Poland','Krakow','Lesser Poland',180,'30-007','2020-10-11 03:46:25.000000',_binary '',NULL,'DATABASE',NULL),(14,'pinter.szolt@nomail.com','$2a$10$BzEceBOpsG/mMQyCpl6zL.e.iABfDMf84W56Dh537e7r0RhBAiP12','Pinter','Szolt','36309567627','Bezerédi u. 27, 1181','','Budapest','Budapest',101,'1012','2020-10-12 10:10:50.000000',_binary '',NULL,'DATABASE',NULL),(16,'mitkov.vasilev@gmail.com','$2a$10$tvVfgob1EF7Fg9.CKMgEW.gxYligclmG.dIfGe8WzjYGR1ZpecOn2','Mitkov','Vasilev','89227945','bul. \"Vasil Levski\" 14, 5000','','Veliko Tarnovo','Veliko Tarnovo',23,'5000','2020-10-12 10:13:00.000000',_binary '',NULL,'DATABASE',NULL),(17,'oana.voiculet@nomail.com','$2a$10$LR8.onvzDxae.OXshysjEOiyBTCyxcJSgNeIPp3tf4bPTav7kHPfy','Oana','Voiculeț','78521963','Strada Codrilor, nr. 16','','Chișinău','Chișinău',140,'2071','2020-10-12 10:14:03.000000',_binary '',NULL,'DATABASE',NULL),(20,'greta.orosz@nomail.com','$2a$10$C.THvu4FeUX4qO5ST0X/Wey1vIulckGYmSZUQqNx86HKLwVA1i3Xy','Gréta','Orosz','3614054812','Csömöri út 130, 1161','','Budapest','Budapest',101,'1012','2020-10-12 10:17:27.000000',_binary '',NULL,'DATABASE',NULL),(24,'florian.sakowski@nomail.com','$2a$10$T05WBMMl8AMvF7xQuhseceidXEbSvAJ/f0mcav5jqnf2UDbdqo0iK','Florian','Sakowski','48815321317','Władysława Kunickiego 96','20-412 Lublin, Poland','Lublin','Lublin',180,'20-535','2021-01-10 02:40:58.000000',_binary '',NULL,'DATABASE',NULL),(26,'szekeres.evelin@nomail.com','$2a$10$0Kfq3/Wc7YbIQIqGhGCK.eXAR/LpOdUD27hLcisY7KD8kjM4lBQUu','Evelin','Szekeres','3688598300','Bem József u. 33 ','Litér, 8196 Hungary','Liter','Veszprém',101,'8196','2021-01-16 10:15:37.000000',_binary '',NULL,'DATABASE',NULL),(28,'sebastian.neacsu@nomail.com','$2a$10$.kcG13g0UeVYZ4wJcL9mneT1Ct8eqTyvmlI/Zjrfk4GOYIVufPqXi','Sebastian','Neacșu','0726789456','Strada Teleajenului 28','','Craiova','Olt',190,'110048','2020-05-16 10:28:38.000000',_binary '',NULL,'DATABASE',NULL),(30,'anatol.rokicki@nomail.com','$2a$10$KhCoVHmM3ula8wzIyVCd/.DC0r.qH9OHmhxi1I0rPE9etdxGCzROm','Anatol','Rokicki','48227220719','Henryka Sienkiewicza 21, 05-082 ','Blizne Jasińskiego','Warsaw','Masovia',180,'08-123','2020-04-12 10:35:37.000000',_binary '',NULL,'DATABASE',NULL),(34,'traian.cojocar@nomail.com','$2a$10$YlQrlzE6zSjlJbb0FWtiuOS0Ba7e1GR.d0R15LAWbLb6bXebiBCGe','Traian','Cojocar','0745901234','Strada Ion Rațiu 25, bl. A2, et. 2, ap. 13','','Arad','Arad',190,'349923','2020-05-26 11:34:41.000000',_binary '',NULL,'DATABASE',NULL),(35,'todor.avramov@nomail.com','$2a$10$fqAGvK12GsajD4LHksxxVOwWgJq9AYDQNyjMjWF6z8Prjtji.j3xO','Todor','Avramov','35989477724','ulitsa \"Akademik Boris Stefanov\" 22','1700 Studentski grad, Sofia','Sofia','Sofia',23,'400054','2020-09-01 09:26:20.000000',_binary '',NULL,'DATABASE',NULL),(39,'costin.chelu@gmail.com','','Costin','Chelu','0722401821','Strada Poiana Narciselor, nr. 15','sector 1','București','Bucharest',190,'050154','2022-04-08 22:09:12.364000',_binary '',NULL,'GOOGLE',NULL),(40,'circuit.ecom@gmail.com','','Client Facebook','Facebook','021200000','Strada Nicolae Iorga, nr. 37','Andrei Mureșanu','Cluj Napoca','Cluj',190,'567932','2022-07-04 21:21:28.799000',_binary '',NULL,'FACEBOOK',NULL);
/*!40000 ALTER TABLE `customers` ENABLE KEYS */;
UNLOCK TABLES;


LOCK TABLES `order_details` WRITE;
/*!40000 ALTER TABLE `order_details` DISABLE KEYS */;
INSERT INTO `order_details` VALUES (249,172,109,3,4.851,14.553,8.4,0.3),(250,172,108,10,0.6,6,2.5,1),(251,173,52,1,37.1907,37.1907,29.99,2),(252,173,48,2,10.0009,20.0018,14,14),(253,174,109,7,4.851,33.957,19.6,2.135),(254,175,45,1,11.99,11.99,8,13.725),(255,175,47,1,10.0009,10.0009,7.25,18.3),(256,175,51,2,8.4506,16.9012,14,2.44),(257,176,108,20,0.6,12,5,4),(258,177,52,1,37.1907,37.1907,29.99,4),(259,177,53,2,79.99,159.98,124,8),(260,177,46,1,14.9512,14.9512,10.5,10),(261,178,110,1,2.891,2.891,1.4,0.102),(262,178,107,2,6.1953,12.3906,8.1,0.204),(263,179,45,1,11.99,11.99,8,4.5),(264,180,108,10,0.6,6,2.5,0.65),(265,180,109,1,4.851,4.851,2.8,0.065),(266,181,49,1,45.9908,45.9908,27.5,0.195),(267,182,109,1,4.851,4.851,2.8,0.19),(268,183,110,1,2.891,2.891,1.4,0.19),(269,184,108,4,0.6,2.4,1,1.128),(270,185,111,5,27.1538,135.769,74,1.41),(271,185,107,2,6.1953,12.3906,8.1,0.564),(272,186,108,5,0.6,3,1.25,0.84),(273,187,107,1,6.1953,6.1953,4.05,0.168),(274,188,110,2,2.891,5.782,2.8,0.25),(275,188,108,5,0.6,3,1.25,0.625),(276,189,50,2,24.99,49.98,34,7.5),(277,190,107,1,6.1953,6.1953,4.05,0.1),(278,191,111,2,27.1538,54.3075,29.6,0.2),(279,192,110,2,2.891,5.782,2.8,0.19),(280,192,108,5,0.6,3,1.25,0.475),(281,193,53,3,79.99,239.97,186,5.7),(282,193,108,3,0.6,1.8,0.75,0.285),(283,194,46,2,14.9512,29.9024,21,13.2),(284,194,108,4,0.6,2.4,1,0.528),(285,194,107,2,6.1953,12.3906,8.1,0.264),(286,195,111,1,27.1538,27.1538,14.8,0.132),(287,196,108,2,0.6,1.2,0.5,0.25),(288,196,107,1,6.1953,6.1953,4.05,0.125),(289,197,111,1,27.1538,27.1538,14.8,0.125),(290,198,108,5,0.6,3,1.25,0.625),(291,199,110,1,2.891,2.891,1.4,0.285),(292,199,108,3,0.6,1.8,0.75,0.855),(293,200,111,1,27.1538,27.1538,14.8,0.285),(294,200,47,1,10.0009,10.0009,7.25,17.1),(295,201,107,2,6.1953,12.3906,8.1,0.336),(296,202,109,1,4.851,4.851,2.8,0.168),(297,203,46,1,14.9512,14.9512,10.5,8.4),(298,203,48,1,10.0009,10.0009,7,11.76),(299,203,47,1,10.0009,10.0009,7.25,10.08),(300,203,45,2,11.99,23.98,16,15.12),(301,204,52,1,37.1907,37.1907,29.99,1.3),(302,205,129,5,1.8525,9.2625,5.6,0.7),(303,205,108,10,0.6,6,2.5,1.4),(304,205,107,1,6.1953,6.1953,4.05,0.14),(305,206,113,1,3.68,3.68,2.1,0.14),(306,206,126,1,38.85,38.85,26.4,15.4),(307,207,120,3,1.935,5.805,2.55,0.42),(308,207,116,2,24.5,49,28.4,0.28),(309,208,130,1,35.0075,35.0075,28.5,12.936),(310,209,128,1,4.15,4.15,2.85,5.292),(311,209,127,1,10.9725,10.9725,6.7,1.2096),(312,210,121,1,5.89,5.89,3.25,1.575),(313,210,131,1,10.5,10.5,8.25,0.105),(314,211,110,2,2.891,5.782,2.8,0.21),(315,211,129,5,1.8525,9.2625,5.6,0.525),(316,212,132,1,2.45,2.45,1.85,0.105),(317,212,109,4,4.851,19.404,11.2,0.42),(318,213,108,10,0.6,6,2.5,1.05),(319,213,113,1,3.68,3.68,2.1,0.105),(320,214,130,1,35.01,35.01,28.5,9.7),(321,215,118,5,1.935,9.675,4.9,0.525),(322,215,127,3,10.9725,32.9175,20.1,3.6288),(323,216,137,1,15.7225,15.7225,12.4,0.105),(324,217,124,3,5.39,16.17,9.6,21.2625),(325,217,108,18,0.6,10.8,4.5,1.89),(326,218,121,1,5.89,5.89,3.25,1.02),(327,219,111,1,27.1538,27.1538,14.8,0.15),(328,219,133,3,2.75,8.25,5.61,0.45),(329,220,129,5,1.8525,9.2625,5.6,0.75),(330,220,128,2,4.15,8.3,5.7,15.12),(331,221,112,5,1.14,5.7,3.2,1.85),(332,221,114,1,35.77,35.77,24.8,0.37),(333,222,132,3,2.45,7.35,5.55,1.11),(334,223,132,5,2.45,12.25,9.25,1.4),(335,224,129,1,1.8525,1.8525,1.12,0.279),(336,224,123,2,8.93,17.86,13,5.58),(337,224,113,4,3.68,14.72,8.4,1.116),(338,224,136,4,1.85,7.4,4.8,1.116),(339,225,124,1,5.39,5.39,3.2,2.79),(340,226,134,1,4.864,4.864,3.48,2.79),(341,226,135,1,5.85,5.85,4.1,2.79),(342,227,126,1,38.85,38.85,26.4,28.6),(343,228,130,3,35.0075,105.022,85.5,33.48),(344,229,121,1,5.89,5.89,3.25,2.75),(345,229,123,1,8.93,8.93,6.5,2.75),(346,229,136,3,1.85,5.55,3.6,0.825),(347,230,132,1,2.45,2.45,1.85,0.284),(348,230,107,1,6.1953,6.1953,4.05,0.284),(349,231,131,1,10.5,10.5,8.25,0.488),(350,233,126,1,38.85,38.85,26.4,31.24),(351,234,133,2,2.75,5.5,3.74,1.21),(352,234,128,3,4.15,12.45,8.55,41.1642),(353,234,137,1,15.7225,15.7225,12.4,0.605),(354,235,135,3,5.85,17.55,12.3,8.25),(355,235,118,2,1.935,3.87,1.96,0.55),(356,235,45,1,11.99,11.99,8,11),(357,236,125,1,27.4,27.4,19.5,1.42),(358,236,120,1,1.935,1.935,0.85,0.284),(359,237,115,1,37.248,37.248,24.2,0.488),(360,237,130,1,35.0075,35.0075,28.5,19.52),(361,239,124,1,5.39,5.39,3.2,6.05),(362,239,122,1,19.25,19.25,12.4,6.05),(363,239,128,1,4.15,4.15,2.85,13.7214),(364,240,107,1,6.1953,6.1953,4.05,0.284),(365,240,129,2,1.8525,3.705,2.24,0.568),(366,241,111,1,27.1538,27.1538,14.8,0.275),(367,241,113,1,3.68,3.68,2.1,0.275),(368,242,110,1,2.891,2.891,1.4,0.284),(369,242,116,1,24.5,24.5,14.2,0.284),(370,243,137,1,15.7225,15.7225,12.4,0.605),(371,243,133,2,2.75,5.5,3.74,1.21),(372,244,112,1,1.14,1.14,0.64,0.488),(373,244,136,5,1.85,9.25,6,2.44),(374,245,50,1,24.99,24.99,17,8.52),(375,245,128,3,4.15,12.45,8.55,19.3234),(376,246,129,1,1.8525,1.8525,1.12,0.605),(377,246,46,1,14.9512,14.9512,10.5,18.15),(378,246,135,2,5.85,11.7,8.2,12.1),(379,247,131,1,10.5,10.5,8.25,0.28),(380,248,111,1,27.1538,27.1538,14.8,0.26),(381,249,111,1,27.15,27.15,14.8,0.26),(382,249,129,2,1.85,3.71,2.24,0.52),(383,249,128,1,4.15,4.15,2.85,5.9),(384,249,136,1,1.85,1.85,1.2,0.26),(385,249,131,1,10.5,10.5,8.25,0.26),(387,227,134,1,4.86,4.86,3.48,2.6),(388,250,132,1,2.45,2.45,1.85,0.26),(389,250,109,1,4.85,4.85,2.8,0.26),(390,251,108,10,0.6,6,2.5,2.78),(391,251,137,1,15.7225,15.7225,12.4,0.278),(393,253,131,2,10.29,20.58,16.5,0.52),(394,253,132,2,2.45,4.9,3.7,0.52);
/*!40000 ALTER TABLE `order_details` ENABLE KEYS */;
UNLOCK TABLES;


LOCK TABLES `order_track` WRITE;
/*!40000 ALTER TABLE `order_track` DISABLE KEYS */;
INSERT INTO `order_track` VALUES (428,172,'NOUA','2022-06-01 15:42:21.031000','Comanda a fost plasată'),(429,173,'NOUA','2022-06-01 18:36:42.153000','Comanda a fost plasată'),(430,174,'NOUA','2022-06-01 18:38:25.723000','Comanda a fost plasată'),(431,175,'NOUA','2022-06-01 18:39:53.650000','Comanda a fost plasată'),(432,176,'NOUA','2022-06-01 18:41:39.610000','Comanda a fost plasată'),(433,177,'NOUA','2022-06-01 18:43:38.702000','Comanda a fost plasată'),(434,178,'NOUA','2022-06-01 18:53:08.919000','Comanda a fost plasată'),(435,179,'NOUA','2022-06-01 18:54:35.042000','Comanda a fost plasată'),(436,180,'NOUA','2022-06-01 18:55:31.867000','Comanda a fost plasată'),(437,181,'NOUA','2022-06-01 18:56:08.896000','Comanda a fost plasată'),(438,182,'NOUA','2022-06-01 18:57:38.988000','Comanda a fost plasată'),(439,183,'NOUA','2022-06-01 18:58:25.106000','Comanda a fost plasată'),(440,184,'NOUA','2022-06-01 18:59:06.591000','Comanda a fost plasată'),(441,185,'NOUA','2022-06-01 19:01:03.827000','Comanda a fost plasată'),(442,186,'NOUA','2022-06-01 19:04:05.464000','Comanda a fost plasată'),(443,187,'NOUA','2022-06-01 19:05:44.564000','Comanda a fost plasată'),(444,188,'NOUA','2022-06-01 19:14:26.446000','Comanda a fost plasată'),(445,189,'NOUA','2022-06-01 19:15:28.253000','Comanda a fost plasată'),(446,190,'NOUA','2022-06-01 19:17:20.755000','Comanda a fost plasată'),(447,191,'NOUA','2022-06-01 19:18:25.289000','Comanda a fost plasată'),(448,192,'NOUA','2022-06-01 19:20:01.705000','Comanda a fost plasată'),(449,193,'NOUA','2022-06-01 19:20:50.553000','Comanda a fost plasată'),(450,194,'NOUA','2022-06-01 19:28:59.053000','Comanda a fost plasată'),(451,195,'NOUA','2022-06-01 19:29:23.963000','Comanda a fost plasată'),(452,196,'NOUA','2022-06-01 19:31:16.882000','Comanda a fost plasată'),(453,197,'NOUA','2022-06-01 19:32:19.318000','Comanda a fost plasată'),(454,198,'NOUA','2022-06-01 19:33:05.716000','Comanda a fost plasată'),(455,199,'NOUA','2022-06-01 19:35:07.620000','Comanda a fost plasată'),(456,200,'NOUA','2022-06-01 19:35:42.680000','Comanda a fost plasată'),(457,201,'NOUA','2022-06-01 19:37:37.430000','Comanda a fost plasată'),(458,202,'NOUA','2022-06-01 19:55:30.407000','Comanda a fost plasată'),(459,203,'NOUA','2022-06-01 19:57:29.754000','Comanda a fost plasată'),(460,203,'RIDICATA','2022-06-01 19:58:55.517000','Preluat de livrator'),(461,202,'RIDICATA','2022-06-01 19:59:00.396000','Preluat de livrator'),(462,201,'RIDICATA','2022-06-01 19:59:03.534000','Preluat de livrator'),(463,203,'LIVRARE','2022-06-01 19:59:05.904000','În proces de livrare'),(464,202,'LIVRARE','2022-06-01 19:59:08.302000','În proces de livrare'),(465,201,'LIVRARE','2022-06-01 19:59:10.782000','În proces de livrare'),(466,200,'RIDICATA','2022-06-01 19:59:14.504000','Preluat de livrator'),(467,199,'RIDICATA','2022-06-01 19:59:17.770000','Preluat de livrator'),(468,200,'LIVRARE','2022-06-01 19:59:20.080000','În proces de livrare'),(469,199,'LIVRARE','2022-06-01 19:59:23.326000','În proces de livrare'),(470,203,'LIVRATA','2022-06-01 19:59:30.031000','Comanda a fost livrată'),(471,202,'LIVRATA','2022-06-01 19:59:32.803000','Comanda a fost livrată'),(472,201,'LIVRATA','2022-06-01 19:59:35.289000','Comanda a fost livrată'),(473,200,'LIVRATA','2022-06-01 19:59:38.045000','Comanda a fost livrată'),(474,199,'LIVRATA','2022-06-01 19:59:41.551000','Comanda a fost livrată'),(475,200,'RETURNATA','2022-06-01 19:59:46.440000','Comanda a fost stornată'),(476,198,'RIDICATA','2022-06-01 19:59:49.579000','Preluat de livrator'),(477,197,'RIDICATA','2022-06-01 19:59:54.271000','Preluat de livrator'),(478,196,'RIDICATA','2022-06-01 19:59:56.728000','Preluat de livrator'),(479,198,'LIVRARE','2022-06-01 19:59:59.059000','În proces de livrare'),(480,197,'LIVRARE','2022-06-01 20:00:01.692000','În proces de livrare'),(481,196,'LIVRARE','2022-06-01 20:00:04.648000','În proces de livrare'),(482,198,'LIVRATA','2022-06-01 20:00:07.075000','Comanda a fost livrată'),(483,197,'LIVRATA','2022-06-01 20:00:09.400000','Comanda a fost livrată'),(484,196,'LIVRATA','2022-06-01 20:00:11.676000','Comanda a fost livrată'),(485,195,'RIDICATA','2022-06-01 20:00:17.401000','Preluat de livrator'),(486,195,'LIVRARE','2022-06-01 20:00:20.272000','În proces de livrare'),(487,195,'LIVRATA','2022-06-01 20:00:24.006000','Comanda a fost livrată'),(488,194,'RIDICATA','2022-06-01 20:00:26.469000','Preluat de livrator'),(489,194,'LIVRARE','2022-06-01 20:00:28.826000','În proces de livrare'),(490,194,'LIVRATA','2022-06-01 20:00:31.562000','Comanda a fost livrată'),(491,193,'RIDICATA','2022-06-01 20:00:36.677000','Preluat de livrator'),(492,193,'LIVRARE','2022-06-01 20:00:38.960000','În proces de livrare'),(493,193,'LIVRATA','2022-06-01 20:00:40.980000','Comanda a fost livrată'),(494,192,'RIDICATA','2022-06-01 20:00:43.349000','Preluat de livrator'),(495,192,'LIVRARE','2022-06-01 20:00:45.581000','În proces de livrare'),(496,192,'LIVRATA','2022-06-01 20:00:51.327000','Comanda a fost livrată'),(497,191,'RIDICATA','2022-06-01 20:00:55.072000','Preluat de livrator'),(498,191,'LIVRARE','2022-06-01 20:00:57.734000','În proces de livrare'),(499,191,'LIVRATA','2022-06-01 20:00:59.918000','Comanda a fost livrată'),(500,190,'RIDICATA','2022-06-01 20:01:02.417000','Preluat de livrator'),(501,190,'LIVRARE','2022-06-01 20:01:04.527000','În proces de livrare'),(502,190,'LIVRATA','2022-06-01 20:01:07.204000','Comanda a fost livrată'),(503,189,'RIDICATA','2022-06-01 20:01:11.951000','Preluat de livrator'),(504,189,'LIVRARE','2022-06-01 20:01:14.607000','În proces de livrare'),(505,189,'LIVRATA','2022-06-01 20:01:17.460000','Comanda a fost livrată'),(506,188,'RIDICATA','2022-06-01 20:01:19.956000','Preluat de livrator'),(507,188,'LIVRARE','2022-06-01 20:01:22.965000','În proces de livrare'),(508,188,'LIVRATA','2022-06-01 20:01:25.718000','Comanda a fost livrată'),(509,187,'RIDICATA','2022-06-01 20:01:28.863000','Preluat de livrator'),(510,187,'LIVRARE','2022-06-01 20:01:31.705000','În proces de livrare'),(511,187,'LIVRATA','2022-06-01 20:01:33.831000','Comanda a fost livrată'),(512,186,'RIDICATA','2022-06-01 20:01:37.355000','Preluat de livrator'),(513,186,'LIVRARE','2022-06-01 20:01:39.636000','În proces de livrare'),(514,186,'LIVRATA','2022-06-01 20:01:42.135000','Comanda a fost livrată'),(515,185,'RIDICATA','2022-06-01 20:01:44.631000','Preluat de livrator'),(516,185,'LIVRARE','2022-06-01 20:01:46.966000','În proces de livrare'),(517,185,'LIVRATA','2022-06-01 20:01:49.948000','Comanda a fost livrată'),(518,184,'RIDICATA','2022-06-01 20:01:53.684000','Preluat de livrator'),(519,184,'LIVRARE','2022-06-01 20:01:55.833000','În proces de livrare'),(520,184,'LIVRATA','2022-06-01 20:01:59.021000','Comanda a fost livrată'),(521,183,'RIDICATA','2022-06-01 20:02:09.806000','Preluat de livrator'),(522,183,'LIVRARE','2022-06-01 20:02:11.744000','În proces de livrare'),(523,183,'LIVRATA','2022-06-01 20:02:13.620000','Comanda a fost livrată'),(524,182,'RIDICATA','2022-06-01 20:02:16.790000','Preluat de livrator'),(525,182,'LIVRARE','2022-06-01 20:02:18.825000','În proces de livrare'),(526,182,'LIVRATA','2022-06-01 20:02:21.362000','Comanda a fost livrată'),(527,181,'RIDICATA','2022-06-01 20:02:24.710000','Preluat de livrator'),(528,181,'LIVRARE','2022-06-01 20:02:28.145000','În proces de livrare'),(529,181,'LIVRATA','2022-06-01 20:02:31.190000','Comanda a fost livrată'),(530,180,'RIDICATA','2022-06-01 20:02:34.663000','Preluat de livrator'),(531,180,'LIVRARE','2022-06-01 20:02:37.251000','În proces de livrare'),(532,180,'LIVRATA','2022-06-01 20:02:39.466000','Comanda a fost livrată'),(533,179,'RIDICATA','2022-06-01 20:02:41.989000','Preluat de livrator'),(534,179,'LIVRARE','2022-06-01 20:02:44.393000','În proces de livrare'),(535,179,'LIVRATA','2022-06-01 20:03:19.190000','Comanda a fost livrată'),(536,178,'RIDICATA','2022-06-01 20:03:23.653000','Preluat de livrator'),(537,178,'LIVRARE','2022-06-01 20:03:25.851000','În proces de livrare'),(538,178,'LIVRATA','2022-06-01 20:03:27.888000','Comanda a fost livrată'),(539,177,'RIDICATA','2022-06-01 20:03:30.366000','Preluat de livrator'),(540,177,'LIVRARE','2022-06-01 20:03:34.112000','În proces de livrare'),(541,177,'LIVRATA','2022-06-01 20:03:36.638000','Comanda a fost livrată'),(542,176,'RIDICATA','2022-06-01 20:03:39.364000','Preluat de livrator'),(543,176,'LIVRARE','2022-06-01 20:03:42.600000','În proces de livrare'),(544,176,'LIVRATA','2022-06-01 20:03:44.753000','Comanda a fost livrată'),(545,175,'RIDICATA','2022-06-01 20:03:47.227000','Preluat de livrator'),(546,175,'LIVRARE','2022-06-01 20:03:49.332000','În proces de livrare'),(547,175,'LIVRATA','2022-06-01 20:03:52.065000','Comanda a fost livrată'),(548,174,'RIDICATA','2022-06-01 20:03:54.507000','Preluat de livrator'),(549,174,'LIVRARE','2022-06-01 20:03:56.740000','În proces de livrare'),(550,174,'LIVRATA','2022-06-01 20:03:59.740000','Comanda a fost livrată'),(551,173,'RIDICATA','2022-06-01 20:04:04.262000','Preluat de livrator'),(552,173,'LIVRARE','2022-06-01 20:04:07.238000','În proces de livrare'),(553,173,'LIVRATA','2022-06-01 20:04:10.025000','Comanda a fost livrată'),(554,172,'RIDICATA','2022-06-01 20:04:12.628000','Preluat de livrator'),(555,172,'LIVRARE','2022-06-01 20:04:14.931000','În proces de livrare'),(556,204,'NOUA','2022-06-02 10:34:56.341000','Comanda a fost plasată'),(557,204,'RIDICATA','2022-06-20 10:51:05.925000','Preluat de livrator'),(558,172,'LIVRATA','2022-06-20 10:51:42.825000','Comanda a fost livrată'),(559,205,'NOUA','2022-06-28 09:46:58.115000','Comanda a fost plasată'),(560,206,'NOUA','2022-06-28 09:49:05.790000','Comanda a fost plasată'),(561,207,'NOUA','2022-06-28 09:49:45.094000','Comanda a fost plasată'),(562,208,'NOUA','2022-06-28 09:51:16.210000','Comanda a fost plasată'),(563,205,'RIDICATA','2022-06-28 09:52:21.942000','Preluat de livrator'),(564,206,'RIDICATA','2022-06-28 09:52:25.282000','Preluat de livrator'),(565,207,'RIDICATA','2022-06-28 09:52:28.375000','Preluat de livrator'),(566,208,'RIDICATA','2022-06-28 09:52:31.667000','Preluat de livrator'),(567,205,'LIVRARE','2022-06-28 09:52:35.330000','În proces de livrare'),(568,206,'LIVRARE','2022-06-28 09:52:38.143000','În proces de livrare'),(569,207,'LIVRARE','2022-06-28 09:52:41.058000','În proces de livrare'),(570,208,'LIVRARE','2022-06-28 09:52:43.767000','În proces de livrare'),(571,204,'LIVRARE','2022-06-28 09:52:50.500000','În proces de livrare'),(572,204,'LIVRATA','2022-06-28 09:52:53.244000','Comanda a fost livrată'),(573,205,'LIVRATA','2022-06-28 09:52:56.765000','Comanda a fost livrată'),(574,206,'LIVRATA','2022-06-28 09:52:59.955000','Comanda a fost livrată'),(575,207,'LIVRATA','2022-06-28 09:53:03.094000','Comanda a fost livrată'),(576,208,'LIVRATA','2022-06-28 09:53:06.239000','Comanda a fost livrată'),(577,209,'NOUA','2022-06-28 09:56:58.522000','Comanda a fost plasată'),(578,210,'NOUA','2022-06-28 10:00:20.237000','Comanda a fost plasată'),(579,211,'NOUA','2022-06-28 10:00:58.067000','Comanda a fost plasată'),(580,212,'NOUA','2022-06-28 10:01:31.697000','Comanda a fost plasată'),(581,213,'NOUA','2022-06-28 10:01:59.799000','Comanda a fost plasată'),(582,214,'NOUA','2022-06-28 11:34:32.000000','Comanda a fost plasată'),(583,215,'NOUA','2022-06-28 11:34:55.994000','Comanda a fost plasată'),(584,216,'NOUA','2022-06-28 11:35:59.992000','Comanda a fost plasată'),(585,217,'NOUA','2022-06-28 11:36:34.050000','Comanda a fost plasată'),(586,218,'NOUA','2022-06-28 11:38:42.123000','Comanda a fost plasată'),(587,218,'RIDICATA','2022-06-28 11:40:22.707000','Preluat de livrator'),(588,209,'RIDICATA','2022-06-28 11:40:26.671000','Preluat de livrator'),(589,217,'RIDICATA','2022-06-28 11:40:34.118000','Preluat de livrator'),(590,209,'LIVRARE','2022-06-28 11:40:37.720000','În proces de livrare'),(591,217,'LIVRARE','2022-06-28 11:40:40.739000','În proces de livrare'),(592,216,'RIDICATA','2022-06-28 11:40:44.561000','Preluat de livrator'),(593,216,'LIVRARE','2022-06-28 11:40:47.693000','În proces de livrare'),(594,216,'LIVRATA','2022-06-28 11:40:50.538000','Comanda a fost livrată'),(595,217,'LIVRATA','2022-06-28 11:40:55.740000','Comanda a fost livrată'),(596,218,'LIVRARE','2022-06-28 11:41:03.362000','În proces de livrare'),(597,218,'LIVRATA','2022-06-28 11:41:06.040000','Comanda a fost livrată'),(598,215,'RIDICATA','2022-06-28 11:41:11.031000','Preluat de livrator'),(599,214,'RIDICATA','2022-06-28 11:41:14.000000','Preluat de livrator'),(600,215,'LIVRARE','2022-06-28 11:41:17.291000','În proces de livrare'),(601,214,'LIVRARE','2022-06-28 11:41:19.000000','În proces de livrare'),(602,215,'LIVRATA','2022-06-28 11:41:22.183000','Comanda a fost livrată'),(604,211,'RIDICATA','2022-06-28 11:41:31.293000','Preluat de livrator'),(605,212,'RIDICATA','2022-06-28 11:41:33.707000','Preluat de livrator'),(606,213,'RIDICATA','2022-06-28 11:41:36.327000','Preluat de livrator'),(607,213,'LIVRARE','2022-06-28 11:41:39.018000','În proces de livrare'),(608,212,'LIVRARE','2022-06-28 11:41:41.345000','În proces de livrare'),(609,211,'LIVRARE','2022-06-28 11:41:43.657000','În proces de livrare'),(610,211,'LIVRATA','2022-06-28 11:41:46.151000','Comanda a fost livrată'),(611,213,'LIVRATA','2022-06-28 11:41:48.741000','Comanda a fost livrată'),(612,212,'LIVRATA','2022-06-28 11:41:51.074000','Comanda a fost livrată'),(613,210,'RIDICATA','2022-06-28 11:41:56.328000','Preluat de livrator'),(614,210,'LIVRARE','2022-06-28 11:41:59.753000','În proces de livrare'),(615,210,'LIVRATA','2022-06-28 11:42:03.843000','Comanda a fost livrată'),(616,209,'LIVRATA','2022-06-28 11:46:59.628000','Comanda a fost livrată'),(617,219,'NOUA','2022-06-28 12:52:24.224000','Comanda a fost plasată'),(618,220,'NOUA','2022-06-28 12:53:15.629000','Comanda a fost plasată'),(619,219,'RIDICATA','2022-06-28 13:20:09.598000','Preluat de livrator'),(620,220,'RIDICATA','2022-06-28 13:20:12.946000','Preluat de livrator'),(621,220,'LIVRARE','2022-06-28 13:20:15.919000','În proces de livrare'),(622,219,'LIVRARE','2022-06-28 13:20:18.449000','În proces de livrare'),(623,219,'LIVRATA','2022-06-28 13:20:22.421000','Comanda a fost livrată'),(624,220,'LIVRATA','2022-06-28 13:20:26.295000','Comanda a fost livrată'),(625,221,'NOUA','2022-06-28 13:38:15.505000','Comanda a fost plasată'),(626,222,'NOUA','2022-06-28 13:39:28.403000','Comanda a fost plasată'),(627,221,'RIDICATA','2022-06-28 13:40:47.837000','Preluat de livrator'),(628,222,'RIDICATA','2022-06-28 13:40:51.514000','Preluat de livrator'),(629,221,'LIVRARE','2022-06-28 13:40:54.522000','În proces de livrare'),(630,222,'LIVRARE','2022-06-28 13:40:57.076000','În proces de livrare'),(631,221,'LIVRATA','2022-06-28 13:40:59.762000','Comanda a fost livrată'),(632,222,'LIVRATA','2022-06-28 13:41:02.642000','Comanda a fost livrată'),(633,223,'NOUA','2022-06-28 02:04:20.000000','Comanda a fost plasată'),(634,224,'NOUA','2022-06-28 14:08:02.331000','Comanda a fost plasată'),(635,225,'NOUA','2022-06-28 14:19:36.902000','Comanda a fost plasată'),(636,226,'NOUA','2022-06-28 14:21:53.208000','Comanda a fost plasată'),(637,224,'RIDICATA','2022-06-28 14:22:12.718000','Preluat de livrator'),(638,223,'RIDICATA','2022-06-28 02:22:15.000000','Preluat de livrator'),(639,225,'RIDICATA','2022-06-28 14:22:21.077000','Preluat de livrator'),(640,226,'RIDICATA','2022-06-28 14:22:23.868000','Preluat de livrator'),(641,223,'LIVRARE','2022-06-28 02:22:30.000000','În proces de livrare'),(642,224,'LIVRARE','2022-06-28 14:22:33.200000','În proces de livrare'),(643,225,'LIVRARE','2022-06-28 14:22:38.154000','În proces de livrare'),(644,226,'LIVRARE','2022-06-28 14:22:41.675000','În proces de livrare'),(645,223,'LIVRATA','2022-06-28 02:22:45.000000','Comanda a fost livrată'),(646,224,'LIVRATA','2022-06-28 14:22:49.818000','Comanda a fost livrată'),(647,225,'LIVRATA','2022-06-28 14:22:53.646000','Comanda a fost livrată'),(648,226,'LIVRATA','2022-06-28 14:22:57.079000','Comanda a fost livrată'),(649,227,'NOUA','2022-06-28 08:08:34.000000','Comanda a fost plasată'),(650,227,'RIDICATA','2022-06-28 08:09:39.000000','Preluat de livrator'),(651,227,'LIVRARE','2022-06-28 08:09:42.000000','În proces de livrare'),(652,227,'LIVRATA','2022-06-28 08:09:45.000000','Comanda a fost livrată'),(653,223,'RETUR_SOLICITAT','2022-06-29 11:15:17.000000','Reason: Am cumpărat produsele greșite. Bună ziua. Îmi pare rău, dar am cumpărat produsul greșit. Vă mulțumesc.'),(656,223,'RETURNATA','2022-06-29 11:21:53.185000','Comanda a fost stornată'),(657,228,'NOUA','2022-07-01 16:28:04.462000','Comanda a fost plasată'),(658,228,'RIDICATA','2022-07-01 22:33:20.902000','Preluat de livrator'),(659,228,'LIVRARE','2022-07-01 22:33:24.869000','În proces de livrare'),(660,228,'LIVRATA','2022-07-01 22:33:27.371000','Comanda a fost livrată'),(661,229,'NOUA','2022-07-02 19:25:50.208000','Comanda a fost plasată'),(662,230,'NOUA','2022-07-02 19:26:40.267000','Comanda a fost plasată'),(663,231,'NOUA','2022-07-02 19:27:26.016000','Comanda a fost plasată'),(664,232,'NOUA','2022-07-02 19:27:29.677000','Comanda a fost plasată'),(665,229,'RIDICATA','2022-07-02 19:27:47.818000','Preluat de livrator'),(666,230,'RIDICATA','2022-07-02 19:27:52.151000','Preluat de livrator'),(667,231,'RIDICATA','2022-07-02 19:27:57.389000','Preluat de livrator'),(668,232,'RIDICATA','2022-07-02 19:28:00.594000','Preluat de livrator'),(669,229,'LIVRARE','2022-07-02 19:28:05.437000','În proces de livrare'),(670,230,'LIVRARE','2022-07-02 19:28:09.253000','În proces de livrare'),(671,231,'LIVRARE','2022-07-02 19:28:12.875000','În proces de livrare'),(672,232,'LIVRARE','2022-07-02 19:28:16.375000','În proces de livrare'),(673,229,'LIVRATA','2022-07-02 19:28:20.281000','Comanda a fost livrată'),(674,230,'LIVRATA','2022-07-02 19:28:22.658000','Comanda a fost livrată'),(675,231,'LIVRATA','2022-07-02 19:28:25.320000','Comanda a fost livrată'),(676,232,'LIVRATA','2022-07-02 19:28:28.457000','Comanda a fost livrată'),(677,233,'NOUA','2022-07-02 19:30:13.783000','Comanda a fost plasată'),(678,234,'NOUA','2022-07-02 19:31:05.972000','Comanda a fost plasată'),(679,235,'NOUA','2022-07-02 19:32:10.158000','Comanda a fost plasată'),(680,236,'NOUA','2022-07-02 19:33:03.584000','Comanda a fost plasată'),(681,237,'NOUA','2022-07-02 19:33:42.778000','Comanda a fost plasată'),(682,238,'NOUA','2022-07-02 19:33:45.048000','Comanda a fost plasată'),(683,239,'NOUA','2022-07-02 19:34:39.233000','Comanda a fost plasată'),(684,240,'NOUA','2022-07-02 19:35:26.956000','Comanda a fost plasată'),(685,241,'NOUA','2022-07-02 19:42:02.561000','Comanda a fost plasată'),(686,242,'NOUA','2022-07-02 19:42:46.159000','Comanda a fost plasată'),(687,243,'NOUA','2022-07-02 19:45:29.982000','Comanda a fost plasată'),(688,244,'NOUA','2022-07-02 19:45:51.914000','Comanda a fost plasată'),(689,245,'NOUA','2022-07-02 19:46:23.860000','Comanda a fost plasată'),(690,246,'NOUA','2022-07-02 19:47:11.830000','Comanda a fost plasată'),(691,247,'NOUA','2022-07-02 07:47:56.000000','Comanda a fost plasată'),(692,233,'RIDICATA','2022-07-02 19:48:28.396000','Preluat de livrator'),(693,234,'RIDICATA','2022-07-02 19:48:31.132000','Preluat de livrator'),(694,235,'RIDICATA','2022-07-02 19:48:33.844000','Preluat de livrator'),(695,236,'RIDICATA','2022-07-02 19:48:36.558000','Preluat de livrator'),(696,237,'RIDICATA','2022-07-02 19:48:39.449000','Preluat de livrator'),(697,238,'RIDICATA','2022-07-02 19:48:45.904000','Preluat de livrator'),(698,239,'RIDICATA','2022-07-02 19:48:48.527000','Preluat de livrator'),(699,240,'RIDICATA','2022-07-02 19:48:51.328000','Preluat de livrator'),(700,241,'RIDICATA','2022-07-02 19:48:53.860000','Preluat de livrator'),(701,242,'RIDICATA','2022-07-02 19:48:56.884000','Preluat de livrator'),(702,243,'RIDICATA','2022-07-02 19:49:03.044000','Preluat de livrator'),(703,244,'RIDICATA','2022-07-02 19:49:05.833000','Preluat de livrator'),(704,245,'RIDICATA','2022-07-02 19:49:09.741000','Preluat de livrator'),(705,246,'RIDICATA','2022-07-02 19:49:12.918000','Preluat de livrator'),(706,247,'RIDICATA','2022-07-02 07:49:16.000000','Preluat de livrator'),(707,248,'NOUA','2022-07-02 19:49:31.870000','Comanda a fost plasată'),(708,248,'RIDICATA','2022-07-02 19:53:02.343000','Preluat de livrator'),(709,233,'LIVRARE','2022-07-02 19:53:10.814000','În proces de livrare'),(710,234,'LIVRARE','2022-07-02 21:03:43.981000','În proces de livrare'),(711,235,'LIVRARE','2022-07-02 21:03:47.626000','În proces de livrare'),(712,236,'LIVRARE','2022-07-02 21:03:51.220000','În proces de livrare'),(713,237,'LIVRARE','2022-07-02 21:03:54.078000','În proces de livrare'),(714,238,'LIVRARE','2022-07-02 21:03:57.435000','În proces de livrare'),(715,233,'LIVRATA','2022-07-02 21:04:06.161000','Comanda a fost livrată'),(716,234,'LIVRATA','2022-07-02 21:04:08.941000','Comanda a fost livrată'),(717,235,'LIVRATA','2022-07-02 21:04:11.548000','Comanda a fost livrată'),(718,236,'LIVRATA','2022-07-02 21:04:13.688000','Comanda a fost livrată'),(719,237,'LIVRATA','2022-07-02 21:04:16.811000','Comanda a fost livrată'),(720,238,'LIVRATA','2022-07-02 21:04:19.009000','Comanda a fost livrată'),(721,239,'LIVRARE','2022-07-02 21:04:33.380000','În proces de livrare'),(722,240,'LIVRARE','2022-07-02 21:04:36.457000','În proces de livrare'),(723,241,'LIVRARE','2022-07-02 21:04:38.855000','În proces de livrare'),(724,242,'LIVRARE','2022-07-02 21:04:41.375000','În proces de livrare'),(725,243,'LIVRARE','2022-07-02 21:04:45.061000','În proces de livrare'),(726,244,'LIVRARE','2022-07-02 21:04:47.319000','În proces de livrare'),(727,245,'LIVRARE','2022-07-02 21:04:50.172000','În proces de livrare'),(728,246,'LIVRARE','2022-07-02 21:04:53.342000','În proces de livrare'),(729,247,'LIVRARE','2022-07-02 09:04:56.000000','În proces de livrare'),(730,248,'LIVRARE','2022-07-02 21:04:58.839000','În proces de livrare'),(731,239,'LIVRATA','2022-07-02 21:05:03.442000','Comanda a fost livrată'),(732,240,'LIVRATA','2022-07-02 21:05:05.949000','Comanda a fost livrată'),(733,241,'LIVRATA','2022-07-02 21:05:08.524000','Comanda a fost livrată'),(734,242,'LIVRATA','2022-07-02 21:05:11.123000','Comanda a fost livrată'),(735,243,'LIVRATA','2022-07-02 21:05:14.161000','Comanda a fost livrată'),(736,244,'LIVRATA','2022-07-02 21:05:16.999000','Comanda a fost livrată'),(737,245,'LIVRATA','2022-07-02 21:05:19.392000','Comanda a fost livrată'),(738,246,'LIVRATA','2022-07-02 21:05:22.300000','Comanda a fost livrată'),(739,247,'LIVRATA','2022-07-02 09:05:25.000000','Comanda a fost livrată'),(740,248,'LIVRATA','2022-07-02 21:05:28.352000','Comanda a fost livrată'),(741,249,'NOUA','2022-07-04 05:52:51.000000','Comanda a fost plasată'),(742,249,'RIDICATA','2022-07-04 05:53:17.000000','Preluat de livrator'),(745,250,'NOUA','2022-07-04 05:58:59.000000','Comanda a fost plasată'),(746,250,'RIDICATA','2022-07-04 06:19:47.000000','Preluat de livrator'),(749,251,'NOUA','2022-07-05 12:11:27.434000','Comanda a fost plasată'),(751,251,'RIDICATA','2022-07-05 15:44:59.378000','Preluat de livrator'),(752,251,'LIVRARE','2022-07-05 15:45:02.915000','În proces de livrare'),(753,251,'LIVRATA','2022-07-05 15:45:06.825000','Comanda a fost livrată'),(754,249,'LIVRARE','2022-07-05 15:47:01.277000','În proces de livrare'),(755,249,'LIVRATA','2022-07-05 15:47:04.901000','Comanda a fost livrată'),(756,253,'NOUA','2022-07-07 12:26:32.968000','Comanda a fost plasată');
/*!40000 ALTER TABLE `order_track` ENABLE KEYS */;
UNLOCK TABLES;


LOCK TABLES `orders` WRITE;
/*!40000 ALTER TABLE `orders` DISABLE KEYS */;
INSERT INTO `orders` VALUES (172,3,'2021-06-08 15:42:21.031000','COD',10.9,1.3,20.553,0,21.853,'LIVRATA','Corina','Ardelean','0239614290','Strada George Enescu 71, Bl. 1, Ap. 12','','Brăila','Brăila','817181','Romania',2,'2021-06-11 00:00:00.000000'),(173,3,'2021-06-10 18:36:42.153000','PAYPAL',43.99,16,57.1925,0,73.1925,'LIVRATA','Corina','Ardelean','0239614290','Strada George Enescu 71, Bl. 1, Ap. 12','','Brăila','Brăila','817181','Romania',2,'2021-06-13 00:00:00.000000'),(174,30,'2021-06-13 18:38:25.723000','CREDIT_CARD',19.6,2.135,33.957,0,36.092,'LIVRATA','Anatol','Rokicki','48227220719','Henryka Sienkiewicza 21, 05-082 ','Blizne Jasińskiego','Warsaw','Masovia','08-123','Poland',7,'2021-06-21 00:00:00.000000'),(175,30,'2021-07-09 18:39:53.650000','PAYPAL',29.25,34.465,38.8921,0,73.3571,'LIVRATA','Anatol','Rokicki','48227220719','Henryka Sienkiewicza 21, 05-082 ','Blizne Jasińskiego','Warsaw','Masovia','08-123','Poland',7,'2021-07-17 00:00:00.000000'),(176,9,'2021-07-14 18:41:39.610000','CREDIT_CARD',5,4,12,0,16,'LIVRATA','Annamária','Tóth','36703150486','Szotyori u. 55, 4031','','Debrecen','Hajdú-Bihar','4031','Hungary',5,'2021-07-20 00:00:00.000000'),(177,9,'2021-08-13 18:43:38.702000','PAYPAL',164.49,22,212.122,0,234.122,'LIVRATA','Annamária','Tóth','36703150486','Szotyori u. 55, 4031','','Debrecen','Hajdú-Bihar','4031','Hungary',5,'2021-08-19 00:00:00.000000'),(178,4,'2021-09-12 18:53:08.918000','PAYPAL',9.5,0.306,15.2816,0,15.5876,'LIVRATA','Gheorghe','Pleșu','22111065','Str 31 august 1989, nr 5','','Chișinău','Chișinău','2000','Moldova',5,'2021-09-18 00:00:00.000000'),(179,3,'2021-10-12 18:54:35.042000','COD',8,4.5,11.99,0,16.49,'LIVRATA','Corina','Ardelean','0239614290','Strada George Enescu 71, Bl. 1, Ap. 12','','Brăila','Brăila','817181','Romania',2,'2021-10-15 00:00:00.000000'),(180,39,'2021-10-14 18:55:31.867000','CREDIT_CARD',5.3,0.715,10.851,0,11.566,'LIVRATA','Costin','Chelu','0722401821','Strada Poiana Narciselor, nr. 15','','București','Bucharest','050154','Romania',2,'2021-10-17 00:00:00.000000'),(181,39,'2021-11-10 18:56:08.896000','COD',27.5,0.195,45.9908,0,46.1858,'LIVRATA','Costin','Chelu','0722401821','Strada Poiana Narciselor, nr. 15','','București','Bucharest','050154','Romania',2,'2021-11-13 00:00:00.000000'),(182,26,'2021-11-12 18:57:38.988000','PAYPAL',2.8,0.19,4.851,0,5.041,'LIVRATA','Evelin','Szekeres','3688598300','Bem József u. 33 ','Litér, 8196 Hungary','Liter','Veszprém','8196','Hungary',5,'2021-11-18 00:00:00.000000'),(183,26,'2021-11-20 18:58:25.106000','CREDIT_CARD',1.4,0.19,2.891,0,3.081,'LIVRATA','Evelin','Szekeres','3688598300','Bem József u. 33 ','Litér, 8196 Hungary','Liter','Veszprém','8196','Hungary',5,'2021-11-26 00:00:00.000000'),(184,24,'2021-12-15 18:59:06.591000','PAYPAL',1,1.128,2.4,0,3.528,'LIVRATA','Florian','Sakowski','48815321317','Władysława Kunickiego 96','20-412 Lublin, Poland','Lublin','Lublin','127890','Poland',7,'2021-12-23 00:00:00.000000'),(185,24,'2021-12-21 19:01:03.827000','CREDIT_CARD',82.1,1.974,148.159,0,150.133,'LIVRATA','Florian','Sakowski','48815321317','Władysława Kunickiego 96','20-412 Lublin, Poland','Lublin','Lublin','20-535','Poland',7,'2021-12-29 00:00:00.000000'),(186,20,'2022-06-08 19:04:05.464000','CREDIT_CARD',1.25,0.84,3,0,3.84,'LIVRATA','Gréta','Orosz','3614054812','Csömöri út 130, 1161','','Budapest','Budapest','1012','Hungary',5,'2022-06-14 00:00:00.000000'),(187,20,'2022-06-08 19:05:44.564000','PAYPAL',4.05,0.168,6.1953,0,6.3633,'LIVRATA','Gréta','Orosz','3614054812','Csömöri út 130, 1161','','Budapest','Budapest','1012','Hungary',5,'2022-06-14 00:00:00.000000'),(188,4,'2022-06-07 19:14:26.446000','PAYPAL',4.05,0.875,8.782,0,9.657,'LIVRATA','Gheorghe','Pleșu','22111065','Str 31 august 1989, nr 5','','Chișinău','Chișinău','2000','Moldova',5,'2022-06-13 00:00:00.000000'),(189,4,'2022-01-11 19:15:28.253000','CREDIT_CARD',34,7.5,49.98,0,57.48,'LIVRATA','Gheorghe','Pleșu','22111065','Str 31 august 1989, nr 5','','Chișinău','Chișinău','2000','Moldova',5,'2022-01-17 00:00:00.000000'),(190,2,'2022-01-15 19:17:20.755000','CREDIT_CARD',4.05,0.1,6.1953,0,6.2953,'LIVRATA','Lorana','Vișan','0726789012','Strada Gheorghe Doja nr. 2','Alexandria','Alexandria','Teleorman','140045','Romania',2,'2022-01-18 00:00:00.000000'),(191,2,'2022-01-19 19:18:25.289000','PAYPAL',29.6,0.2,54.3075,0,54.5075,'LIVRATA','Lorana','Vișan','0726789012','Strada Gheorghe Doja nr. 2','Alexandria','Alexandria','Teleorman','140045','Romania',2,'2022-01-22 00:00:00.000000'),(192,11,'2022-02-08 19:20:01.705000','PAYPAL',4.05,0.665,8.782,0,9.447,'LIVRATA','Madalina','Manescu','0734567901','Strada Mișu Pop 9','Râșnov Romacril ','Râșnov','Brașov','505400','Romania',2,'2022-02-11 00:00:00.000000'),(193,11,'2022-02-11 19:20:50.553000','CREDIT_CARD',186.75,5.985,241.77,0,247.755,'LIVRATA','Madalina','Manescu','0734567901','Strada Mișu Pop 9','Râșnov Romacril ','Râșnov','Brașov','505400','Romania',2,'2022-02-14 00:00:00.000000'),(194,16,'2022-02-13 19:28:59.053000','PAYPAL',30.1,13.992,44.693,0,58.685,'LIVRATA','Mitkov','Vasilev','89227945','bul. \"Vasil Levski\" 14, 5000','','Veliko Tarnovo','Veliko Tarnovo','5000','Bulgaria',3,'2022-02-17 00:00:00.000000'),(195,16,'2022-03-12 19:29:23.963000','CREDIT_CARD',14.8,0.132,27.1538,0,27.2858,'LIVRATA','Mitkov','Vasilev','89227945','bul. \"Vasil Levski\" 14, 5000','','Veliko Tarnovo','Veliko Tarnovo','5000','Bulgaria',3,'2022-03-16 00:00:00.000000'),(196,17,'2022-03-15 19:31:16.882000','CREDIT_CARD',4.55,0.375,7.3953,0,7.7703,'LIVRATA','Oana','Voiculeț','78521963','Strada Codrilor, nr. 16','','Chișinău','Chișinău','2071','Moldova',5,'2022-03-21 00:00:00.000000'),(197,17,'2022-03-18 19:32:19.318000','PAYPAL',14.8,0.125,27.1538,0,27.2788,'LIVRATA','Oana','Voiculeț','78521963','Strada Codrilor, nr. 16','','Chișinău','Chișinău','2071','Moldova',5,'2022-03-24 00:00:00.000000'),(198,17,'2022-04-08 19:33:05.716000','PAYPAL',1.25,0.625,3,0,3.625,'LIVRATA','Oana','Voiculeț','78521963','Strada Codrilor, nr. 16','','Chișinău','Chișinău','2071','Moldova',5,'2022-04-14 00:00:00.000000'),(199,12,'2022-04-14 19:35:07.620000','CREDIT_CARD',2.15,1.14,4.691,0,5.831,'LIVRATA','Oliwia','Pietruszewska','48126489948','al. Jana Pawła II 160, 31-982','Kraków, Poland','Krakow','Lesser Poland','30-007','Poland',7,'2022-04-22 00:00:00.000000'),(200,12,'2022-05-09 19:35:42.680000','PAYPAL',22.05,17.385,37.1547,0,54.5396,'RETURNATA','Oliwia','Pietruszewska','48126489948','al. Jana Pawła II 160, 31-982','Kraków, Poland','Krakow','Lesser Poland','30-007','Poland',7,'2022-05-17 00:00:00.000000'),(201,14,'2022-05-11 19:37:37.430000','CREDIT_CARD',8.1,0.336,12.3906,0,12.7266,'LIVRATA','Pinter','Szolt','36309567627','Bezerédi u. 27, 1181','','Budapest','Budapest','1012','Hungary',5,'2022-05-17 00:00:00.000000'),(202,14,'2022-05-15 19:55:30.407000','PAYPAL',2.8,0.168,4.851,0,5.019,'LIVRATA','Pinter','Szolt','36309567627','Bezerédi u. 27, 1181','','Budapest','Budapest','1012','Hungary',5,'2022-05-21 00:00:00.000000'),(203,14,'2022-06-08 19:57:29.754000','COD',40.75,45.36,58.933,0,104.293,'LIVRATA','Pinter','Szolt','36309567627','Bezerédi u. 27, 1181','','Budapest','Budapest','1012','Hungary',5,'2022-06-14 00:00:00.000000'),(204,39,'2021-06-09 16:34:56.341000','PAYPAL',29.99,1.3,37.1907,0,38.4907,'LIVRATA','Costin','Chelu','0722401821','address line 1....','','București','Bucharest','050154','Romania',2,'2021-06-12 00:00:00.000000'),(205,5,'2022-07-01 19:46:58.114000','CREDIT_CARD',12.15,2.24,21.4578,0,23.6978,'LIVRATA','Yoana','Petrova','35982861758','ul. \"Madan\" 12, 7016 g.k. Druzhba 2 ','Ruse, Bulgaria','Ruse','Ruse','7016','Bulgaria',2,'2022-07-04 00:00:00.000000'),(206,5,'2022-07-01 19:49:05.790000','PAYPAL',28.5,15.54,42.53,0,58.07,'LIVRATA','Yoana','Petrova','35982861758','ul. \"Madan\" 12, 7016 g.k. Druzhba 2 ','Ruse, Bulgaria','Ruse','Ruse','7016','Bulgaria',2,'2022-07-04 00:00:00.000000'),(207,5,'2022-06-28 17:49:45.094000','COD',30.95,0.7,54.805,0,55.505,'LIVRATA','Yoana','Petrova','35982861758','ul. \"Madan\" 12, 7016 g.k. Druzhba 2 ','Ruse, Bulgaria','Ruse','Ruse','7016','Bulgaria',2,'2022-07-01 00:00:00.000000'),(208,5,'2022-06-25 15:51:16.210000','PAYPAL',28.5,12.936,35.0075,0,47.9435,'LIVRATA','Yoana','Petrova','35982861758','ul. \"Madan\" 12, 7016 g.k. Druzhba 2 ','Ruse, Bulgaria','Ruse','Ruse','7016','Bulgaria',2,'2022-06-28 00:00:00.000000'),(209,34,'2022-07-04 15:56:58.522000','COD',9.55,6.5016,15.1225,0,21.6241,'LIVRATA','Traian','Cojocar','0745901234','Strada Ion Rațiu 25, bl. A2, et. 2, ap. 13','','Arad','Arad','349923','Romania',3,'2022-07-07 00:00:00.000000'),(210,34,'2022-06-01 15:00:20.237000','CREDIT_CARD',11.5,1.68,16.39,0,18.07,'LIVRATA','Traian','Cojocar','0745901234','Strada Ion Rațiu 25, bl. A2, et. 2, ap. 13','','Arad','Arad','349923','Romania',3,'2022-06-05 00:00:00.000000'),(211,34,'2022-06-10 14:00:58.067000','PAYPAL',8.4,0.735,15.0445,0,15.7795,'LIVRATA','Traian','Cojocar','0745901234','Strada Ion Rațiu 25, bl. A2, et. 2, ap. 13','','Arad','Arad','349923','Romania',3,'2022-06-14 00:00:00.000000'),(212,34,'2022-06-15 15:01:31.696000','COD',13.05,0.525,21.854,0,22.379,'LIVRATA','Traian','Cojocar','0745901234','Strada Ion Rațiu 25, bl. A2, et. 2, ap. 13','','Arad','Arad','349923','Romania',3,'2022-06-19 00:00:00.000000'),(213,34,'2022-06-17 15:01:59.799000','COD',4.6,1.155,9.68,0,10.835,'LIVRATA','Traian','Cojocar','0745901234','Strada Ion Rațiu 25, bl. A2, et. 2, ap. 13','','Arad','Arad','349923','Romania',3,'2022-06-21 00:00:00.000000'),(214,34,'2022-07-06 19:34:32.820000','CREDIT_CARD',28.5,9.7,35.01,0,44.71,'LIVRARE','Traian','Cojocar','0745901234','Strada Ion Rațiu 25, bl. A2, et. 2, ap. 13','','Arad','Arad','349923','Romania',3,'2022-07-10 00:00:00.000000'),(215,34,'2022-06-23 17:34:55.994000','PAYPAL',25,4.1538,42.5925,0,46.7463,'LIVRATA','Traian','Cojocar','0745901234','Strada Ion Rațiu 25, bl. A2, et. 2, ap. 13','','Arad','Arad','349923','Romania',3,'2022-06-27 00:00:00.000000'),(216,34,'2022-06-30 15:35:59.992000','COD',12.4,0.105,15.7225,0,15.8275,'LIVRATA','Traian','Cojocar','0745901234','Strada Ion Rațiu 25, bl. A2, et. 2, ap. 13','','Arad','Arad','349923','Romania',3,'2022-07-04 00:00:00.000000'),(217,34,'2022-07-02 16:36:34.050000','CREDIT_CARD',14.1,23.1525,26.97,0,50.1225,'LIVRATA','Traian','Cojocar','0745901234','Strada Ion Rațiu 25, bl. A2, et. 2, ap. 13','','Arad','Arad','349923','Romania',3,'2022-07-06 00:00:00.000000'),(218,34,'2022-06-27 15:38:42.123000','PAYPAL',3.25,1.02,5.89,0,6.91,'LIVRATA','Traian','Cojocar','0745901234','Strada Ion Rațiu 25, bl. A2, et. 2, ap. 13','','Arad','Arad','349923','Romania',3,'2022-07-01 00:00:00.000000'),(219,35,'2022-06-18 14:52:24.223000','COD',20.41,0.6,35.4038,0,36.0037,'LIVRATA','Todor','Avramov','35989477724','ulitsa \"Akademik Boris Stefanov\" 22','1700 Studentski grad, Sofia','Sofia','Sofia','400054','Bulgaria',3,'2022-06-22 00:00:00.000000'),(220,35,'2022-06-24 14:53:15.629000','CREDIT_CARD',11.3,15.87,17.5625,0,33.4325,'LIVRATA','Todor','Avramov','35989477724','ulitsa \"Akademik Boris Stefanov\" 22','1700 Studentski grad, Sofia','Sofia','Sofia','400054','Bulgaria',3,'2022-06-28 00:00:00.000000'),(221,35,'2022-06-29 17:38:15.504000','COD',28,2.22,41.47,0,43.69,'LIVRATA','Todor','Avramov','35989477724','ulitsa \"Akademik Boris Stefanov\" 22','1700 Studentski grad, Sofia','Sofia','Sofia','400054','Bulgaria',3,'2022-07-03 00:00:00.000000'),(222,35,'2022-07-03 14:39:28.403000','PAYPAL',5.55,1.11,7.35,0,8.46,'LIVRATA','Todor','Avramov','35989477724','ulitsa \"Akademik Boris Stefanov\" 22','1700 Studentski grad, Sofia','Sofia','Sofia','400054','Bulgaria',3,'2022-07-07 00:00:00.000000'),(223,1,'2022-06-12 14:04:20.587000','CREDIT_CARD',9.25,1.4,12.25,0,13.65,'RETURNATA','Sergiu','Dumitru','0745678901','Str. Ion Neculce 24','bl. M14, scara 1, et. 2, ap. 12','Suceava','Suceava','550000','Romania',2,'2022-06-15 00:00:00.000000'),(224,1,'2022-05-26 14:08:02.331000','COD',27.32,8.091,41.8325,0,49.9235,'LIVRATA','Sergiu','Dumitru','0745678901','Str. Ion Neculce 24','bl. M14, scara 1, et. 2, ap. 12','Suceava','Suceava','550000','Romania',2,'2022-05-29 00:00:00.000000'),(225,1,'2022-06-29 14:50:36.902000','CREDIT_CARD',3.2,2.79,5.39,0,8.18,'LIVRATA','Sergiu','Dumitru','0745678901','Str. Ion Neculce 24','bl. M14, scara 1, et. 2, ap. 12','Suceava','Suceava','550000','Romania',2,'2022-07-02 00:00:00.000000'),(226,1,'2022-07-04 14:21:53.208000','PAYPAL',7.58,5.58,10.714,0,16.294,'LIVRATA','Sergiu','Dumitru','0745678901','Str. Ion Neculce 24','bl. M14, scara 1, et. 2, ap. 12','Suceava','Suceava','550000','Romania',2,'2022-07-07 00:00:00.000000'),(227,39,'2021-11-10 20:08:34.161000','CREDIT_CARD',29.88,31.2,43.71,0,74.91,'LIVRATA','Costin','Chelu','0722401821','Strada Poiana Narciselor, nr. 15','','București','Bucharest','050154','Romania',2,'2021-11-13 00:00:00.000000'),(228,1,'2022-07-03 18:28:04.462000','CREDIT_CARD',85.5,33.48,105.022,0,138.503,'LIVRATA','Sergiu','Dumitru','0745678901','Str. Ion Neculce 24','bl. M14, scara 1, et. 2, ap. 12','Suceava','Suceava','550000','Romania',2,'2022-07-06 00:00:00.000000'),(229,28,'2022-01-23 19:25:50.207000','PAYPAL',13.35,6.325,20.37,0,26.695,'LIVRATA','Sebastian','Neacșu','0726789456','Strada Teleajenului 28','','Craiova','Olt','110048','Romania',2,'2022-01-26 00:00:00.000000'),(230,1,'2022-01-30 19:26:40.267000','CREDIT_CARD',5.9,0.568,8.6453,0,9.2133,'LIVRATA','Sergiu','Dumitru','0726789456','Strada Teleajenului 28','','Craiova','Olt','110048','Romania',2,'2022-02-02 00:00:00.000000'),(231,14,'2022-02-17 19:27:26.016000','COD',8.25,0.488,10.5,0,10.988,'LIVRATA','Pinter','Szolt','36309567627','Bezerédi u. 27, 1181','','Budapest','Budapest','1012','Hungary',5,'2022-02-23 00:00:00.000000'),(232,14,'2022-02-28 19:27:29.677000','COD',0,0,0,0,0,'LIVRATA','Pinter','Szolt','36309567627','Bezerédi u. 27, 1181','','Budapest','Budapest','1012','Hungary',5,'2022-03-06 00:00:00.000000'),(233,10,'2022-03-24 19:30:13.783000','PAYPAL',26.4,31.24,38.85,0,70.09,'LIVRATA','Sanda','Goldiș','0723456789','Str. Take Ionescu 18, bl C1, ap. 34','','Cluj-Napoca','Cluj','400067','Romania',2,'2022-03-27 00:00:00.000000'),(234,12,'2022-04-19 19:31:05.972000','COD',24.69,42.9792,33.6725,0,76.6517,'LIVRATA','Oliwia','Pietruszewska','48126489948','al. Jana Pawła II 160, 31-982','Kraków, Poland','Krakow','Lesser Poland','30-007','Poland',7,'2022-04-27 00:00:00.000000'),(235,28,'2022-05-12 19:32:10.158000','CREDIT_CARD',22.26,19.8,33.41,0,53.21,'LIVRATA','Sebastian','Neacșu','0726789456','Strada Teleajenului 28','','Craiova','Olt','110048','Romania',2,'2022-05-15 00:00:00.000000'),(236,10,'2022-06-14 19:33:03.584000','COD',20.35,1.704,29.335,0,31.039,'LIVRATA','Sanda','Goldiș','0723456789','Str. Take Ionescu 18, bl C1, ap. 34','','Cluj-Napoca','Cluj','400067','Romania',2,'2022-06-17 00:00:00.000000'),(237,14,'2022-06-16 19:33:42.778000','CREDIT_CARD',52.7,20.008,72.2555,0,92.2635,'LIVRATA','Pinter','Szolt','36309567627','Bezerédi u. 27, 1181','','Budapest','Budapest','1012','Hungary',5,'2022-06-22 00:00:00.000000'),(238,14,'2022-06-17 19:33:45.048000','CREDIT_CARD',0,0,0,0,0,'LIVRATA','Pinter','Szolt','36309567627','Bezerédi u. 27, 1181','','Budapest','Budapest','1012','Hungary',5,'2022-06-23 00:00:00.000000'),(239,12,'2022-06-19 19:34:39.233000','COD',18.45,25.8214,28.79,0,54.6114,'LIVRATA','Oliwia','Pietruszewska','48126489948','al. Jana Pawła II 160, 31-982','Kraków, Poland','Krakow','Lesser Poland','30-007','Poland',7,'2022-06-27 00:00:00.000000'),(240,10,'2022-06-20 19:35:26.956000','PAYPAL',6.29,0.852,9.9003,0,10.7523,'LIVRATA','Sanda','Goldiș','0723456789','Str. Take Ionescu 18, bl C1, ap. 34','','Cluj-Napoca','Cluj','400067','Romania',2,'2022-06-23 00:00:00.000000'),(241,28,'2022-06-21 19:42:02.561000','COD',16.9,0.55,30.8338,0,31.3838,'LIVRATA','Sebastian','Neacșu','0726789456','Strada Teleajenului 28','','Craiova','Olt','110048','Romania',2,'2022-06-24 00:00:00.000000'),(242,35,'2022-06-21 19:42:46.159000','COD',15.6,0.568,27.391,0,27.959,'LIVRATA','Todor','Avramov','35989477724','ulitsa \"Akademik Boris Stefanov\" 22','1700 Studentski grad, Sofia','Sofia','Sofia','400054','Bulgaria',3,'2022-06-25 00:00:00.000000'),(243,12,'2022-06-22 19:45:29.982000','CREDIT_CARD',16.14,1.815,21.2225,0,23.0375,'LIVRATA','Oliwia','Pietruszewska','48126489948','al. Jana Pawła II 160, 31-982','Kraków, Poland','Krakow','Lesser Poland','30-007','Poland',7,'2022-06-30 00:00:00.000000'),(244,14,'2022-06-24 19:45:51.914000','COD',6.64,2.928,10.39,0,13.318,'LIVRATA','Pinter','Szolt','36309567627','Bezerédi u. 27, 1181','','Budapest','Budapest','1012','Hungary',5,'2022-06-30 00:00:00.000000'),(245,10,'2022-06-26 19:46:23.860000','CREDIT_CARD',25.55,27.8434,37.44,0,65.2834,'LIVRATA','Sanda','Goldiș','0723456789','Str. Take Ionescu 18, bl C1, ap. 34','','Cluj-Napoca','Cluj','400067','Romania',2,'2022-06-29 00:00:00.000000'),(246,12,'2022-06-28 19:47:11.830000','PAYPAL',19.82,30.855,28.5037,0,59.3587,'LIVRATA','Oliwia','Pietruszewska','48126489948','al. Jana Pawła II 160, 31-982','Kraków, Poland','Krakow','Lesser Poland','30-007','Poland',7,'2022-07-06 00:00:00.000000'),(247,28,'2022-07-05 19:47:56.011000','COD',8.25,0.28,10.5,0,10.78,'LIVRATA','Sebastian','Neacșu','0726789456','Strada Teleajenului 28','','Craiova','Olt','110048','Romania',2,'2022-07-08 00:00:00.000000'),(248,39,'2022-06-29 19:49:31.870000','CREDIT_CARD',14.8,0.26,27.1538,0,27.4138,'LIVRATA','Costin','Chelu','0722401821','Strada Poiana Narciselor, nr. 15','','București','Bucharest','050154','Romania',2,'2022-07-02 00:00:00.000000'),(249,39,'2022-07-04 08:52:51.173000','PAYPAL',29.34,7.2,47.36,0,54.56,'LIVRATA','Costin','Chelu','0722401821','Strada Poiana Narciselor, nr. 15','','București','Bucharest','050154','Romania',2,'2022-07-07 00:00:00.000000'),(250,39,'2022-07-07 09:21:59.170000','COD',4.65,0.52,7.3,0,7.82,'RIDICATA','Costin','Chelu','0722401821','Strada Poiana Narciselor, nr. 15','sector 1','București','Bucharest','050154','Romania',2,'2022-07-10 00:00:00.000000'),(251,11,'2022-07-05 10:11:27.433000','PAYPAL',14.9,3.058,21.7225,0,24.7805,'LIVRATA','Madalina','Manescu','0734567901','Strada Mișu Pop 9','Râșnov Romacril ','Râșnov','Brașov','505400','Romania',2,'2022-07-07 00:00:00.000000'),(253,39,'2022-07-07 12:26:32.967000','PAYPAL',20.2,1.04,25.48,0,26.52,'NOUA','Costin','Chelu','0722401821','Strada Poiana Narciselor, nr. 15','sector 1','București','Bucharest','050154','Romania',2,'2022-07-09 12:26:32.967000');
/*!40000 ALTER TABLE `orders` ENABLE KEYS */;
UNLOCK TABLES;


LOCK TABLES `product_details` WRITE;
/*!40000 ALTER TABLE `product_details` DISABLE KEYS */;
INSERT INTO `product_details` VALUES (283,'Cable Length','10 feet feet',45),(284,'Cable Type','Lightning',45),(285,'Color','Silver & White',45),(286,'Compatible Devices','Tablet, Smartphone',45),(287,'Connector Type','USB Type C',45),(288,'Color','White',46),(289,'Mfi Certified','yes',46),(290,'Cable Length','3ft+6ft ',46),(291,'Cable Connector Type','USB A to lightning',46),(292,'Package Dimensions','7.5 x 6.9 x 0.8 inches',47),(293,'Item Weight','5.6 ounces',47),(294,'Colour','Navy & blue',47),(295,'Product Dimensions','7.09 x 3.54 x 0.47 inches',48),(296,'Item Weight','10.5 ounces',48),(297,'Digital Storage Capacity','256 GB',49),(298,'Flash Memory Type','SDXC',49),(299,'Item Dimensions','0.59 x 0.04 x 0.43 inches',49),(300,'Secure Digital Association Speed Class','Class 10',49),(301,'Flash Memory Type','Micro SD',50),(302,'Item Dimensions','0.04 x 0.59 x 0.43 inches',50),(303,'Item Weight','0.16 ounces',50),(304,'Memory Storage Capacity','128 GB',50),(305,'Digital Storage Capacity','32 GB',51),(306,'Flash Memory Type','microsdhc',51),(307,'Item Dimensions','0.04 x 0.59 x 0.43 inches',51),(308,'Item Weight','0.32 ounces',51),(309,'Flash Memory Type','Micro SDXC',52),(310,'Item Dimensions','5.43 x 3.50 x 0.18 inches',52),(311,'Item Weight','0.48 ounces',52),(312,'Memory Storage Capacity','128 GB',52),(313,'Digital Storage Capacity','512 GB',53),(314,'Flash Memory Type','SDXC',53),(315,'Item Dimensions','0.79 x 1.54 x 0.32 inches',53),(316,'Item Weight','0.16 ounces',53),(698,'Positive power supply output side','Min. -0.3. Max. 20',107),(699,'Negative power supply output side','Min. -12. Max. 0.3',107),(700,'Gate driver high output maximum current','2.4',107),(701,'Power dissipation, per input part','100 mW',107),(702,'Maximum short circuit clamping time','10 microseconds',107),(703,'Input to output isolation voltage (GND2)','-1200 to 1200 V',107),(704,'Case','Molded plastic',108),(705,'Epoxy','UL 94V-0 rated flame retardant',108),(706,'Lead','MIL-STD-202E, Method 208 guaranteed',108),(707,' Polarity','Color band denotes cathode end',108),(708,'Weight',' 2.08 gram approx',108),(709,'Supply voltage','5.0',109),(710,'Input voltage','Vcc',109),(711,'Output voltage','Vcc',109),(712,'Ambient temperature','-40 to +125 Celsius',109),(713,'Input transition rise and fall rate','1.67',109),(714,'Application (1)','FM modulation and demodulation',110),(715,'Application (2)','Frequency synthesis and multiplication',110),(716,'Application (3)','Frequency discrimination',110),(717,'Application (4)','Tone decoding',110),(718,'Application (5)','Data synchronization and conditioning',110),(719,'Application (6)','Voltage-to-frequency conversion',110),(720,'Application (7)','Motor-speed control',110),(721,'Supply Voltage','18 V',111),(722,'Internal Power Dissipation','500 mW',111),(723,'Operating Temperature Range','0 to 70 Celsius',111),(724,'ESD Rating','1000 V',111),(725,'Nr. pini','20',112),(726,'Montare electrică','THT',112),(727,'Raster terminale','2.54 mm',112),(728,'ROM','8 kbytes on-chip ROM',113),(729,'SRAM','16 kbytes on-chip high-speed',113),(730,'Flash program and data memory','200 kbytes on-chip',113),(731,' A/D Converters','up to 12 analog input pins',114),(732,'Range comparators (ORC)','8 channels',114),(733,'Analog comparators (ACMP)','up to 3',114),(734,'Temperature Sensor (TSE)','present',114),(735,'Tip circuit integrat','Sursă tensiune de referinţă',115),(736,'Tensiune de referinţă','10V',115),(737,'Toleranţă','±0.3%',115),(738,'Montare','THT',115),(739,'Carcasă','TO5',115),(740,'Tip circuit integrat','Sursă tensiune de referinţă',116),(741,'Tensiune de referinţă','2.5V',116),(742,'Montare','THT',116),(743,'Carcasă','DIP8',116),(744,'Tip tranzistor','N-MOSFET',117),(745,'Polarizare','unipolar',117),(746,'Tensiune drenă-sursă','650 V',117),(747,'Curent drenă','10 A',117),(748,'Putere disipată','27.5 W',117),(749,'Tip tranzistor','NPN',118),(750,'Tensiune colector-emiţător','50 V',118),(751,'Curent de colector','0.5 A',118),(752,'Putere disipată','0.8/3W',118),(753,'Carcasă','TO39',118),(754,'Amplificare curent','20...120',118),(755,'Tip tranzistor','PUT',119),(756,'Putere disipată','0.3 W',119),(757,'Carcasă','TO92',119),(758,'Tensiune inversă max.','200 V',120),(759,'Curent de sarcină max.','4 A',120),(760,'Carcasă','TO225AA',120),(761,'Curent de poartă','3 mA',120),(762,'Curent de şoc direct max.','30 A',120),(763,'Tip tiristor','diac',121),(764,'Curent de sarcină max.','2 A',121),(765,'Carcasă','MiniMELF',121),(766,'Tensiune de amorsare','28...36V',121),(767,'Montare','SMD',121),(768,'Montare','THT',122),(769,'Tensiune inversă max.','30 V',122),(770,'Curent de sarcină','12 A',122),(771,'Carcasă','R6',122),(772,'Curent de şoc direct max.','300 A',122),(773,'Tensiune conducţie max.','0.55 V',122),(774,'Curent de scurgere','0.5 mA',122),(775,'Peak pulse power dissipation','1.5 kV',123),(776,'Tensiune inversă max.','85.5 V',123),(777,'Tensiune de străpungere','95 V',123),(778,'Curent de şoc direct max.','11.1 A',123),(779,'Structura semiconductorului',' unidirecțională',123),(780,'Carcasă','DO201AD',123),(781,'Montare','THT',123),(782,'Curent de scurgere','0.005 mA',123),(783,'Putere disipată','1 W',124),(784,'Tensiune Zener','10 V',124),(785,'Carcasă','DO41',124),(786,'Montare','THT',124),(787,'Curent de scurgere','0.0005 mA',124),(788,'Tip modul','Peltier',125),(789,'Tensiune de lucru max.','15.4 V',125),(790,'Curent de lucru max.','4 A',125),(791,'Dimensiuni exterioare','30x30x3.3mm',125),(792,'Cantitatea de căldură condusă max.','35.6W',125),(793,'Material','Ceramică',125),(794,'Lungime cablu','1 m',125),(795,'Dimensiune conductor','20 AWG',125),(796,'Tip inductor','fir',126),(797,'Montare','Înșurubare',126),(798,'Inductanță','10 H',126),(799,'Curent de lucru','125 mA',126),(800,'Rezistență','155 ohm',126),(801,'Tensiune de lucru','500 V DC',126),(802,'Tip inductor','fir',127),(803,'Inductanţă','0.01 H',127),(804,'Curent de lucru','1.685 A',127),(805,'Rezistenţă ','0.09 ohm',127),(806,'Material miez','ferită',127),(807,'Capacitanță','0.001 mF',128),(808,'Montare','THT',128),(809,'Tensiune de lucru','100 V DC',128),(810,'Durata de viață','2000 ore',128),(811,'Montare','THT',129),(812,'Capacitanță','0.068 mF',129),(813,'Durata de viață','1000 ore',129),(814,'Tensiunea de lucru','100 V DC',129),(815,'Tip condensator','ceramic',130),(816,'Subtip','MLCC',130),(817,'Capacitanță','0.001 mF',130),(818,'Tensiune de lucru','6.3 V',130),(819,'Dielectric','X5R',130),(820,'Montare','THT',131),(821,'Capacitanță','0.01 mF',131),(822,'Tensiune de lucru','20 V DC',131),(823,'Rezistență ESR','2.9 ohm',131),(824,'Curent de scurgere','0.001 mA',131),(825,'Tip condensator','supercondensator',132),(826,'Subtip','condensator de backup',132),(827,'Capacitanță','0.22 F',132),(828,'Tensiune de lucru','5.5 V',132),(829,'Frecvență','1.8432MHz',133),(830,'Toleranță rezonatoare','±20ppm',133),(831,'Capacitanță','30pF',133),(832,'Putere','1mW',133),(833,'Tip rezistor','thin film',134),(834,'Subtip rezistor','de precizie',134),(835,'Carcasă (mm)','1005',134),(836,'Rezistenţă','100 ohm',134),(837,'Putere','62.5mW',134),(838,'Tensiune de lucru max.','25 V',134),(839,'Tensiune de impuls max.','50 V',134),(840,'Tip rezistor','carbon',135),(841,'Montare','THT',135),(842,'Rezistență','100 kiloohm',135),(843,'Putere','0.5 W',135),(844,'Tensiune de lucru max.','350 V',135),(845,'Tensiune de impuls max.','700 V',135),(846,'Tip senzor','termistor NTC',136),(847,'Rezistență','10 ohm',136),(848,'Curent maxim ','2 A',136),(849,'Montare','THT',136),(850,'Tip potenţiometru','axial',137),(851,'Subtip potenţiometru','singură tură',137),(852,'Rezistenţă','100 ohm',137),(853,'Putere','1 W',137),(854,'Diametru ax','6.35 mm',137),(855,'Montare','THT',137),(856,'Dimensiuni carcasă','12.5x12.5x8.8mm',137),(857,'Tensiune de lucru max.','350V AC',137),(858,'Pachet','100 buc.',128);
/*!40000 ALTER TABLE `product_details` ENABLE KEYS */;
UNLOCK TABLES;


LOCK TABLES `product_images` WRITE;
/*!40000 ALTER TABLE `product_images` DISABLE KEYS */;
INSERT INTO `product_images` VALUES (175,'HOVAMP iPhone Charger compatible.png',45),(176,'HOVAMP iPhone Charger Aluminum.png',45),(177,'HOVAMP iPhone Charger internal.png',45),(178,'Aioneus iphone charger cord demo charging.png',46),(179,'Aioneus iphone charger cord internal.png',46),(180,'Aioneus iphone charger cord easy to carry.png',46),(181,'Aioneus iphone charger cord supported devices.png',46),(182,'XIAE USB C Cable suitability.png',47),(183,'XIAE USB C Cable supported devices.png',47),(184,'XIAE USB C Cable internals.png',47),(185,'XIAE USB C Cable connectors.png',47),(186,'XIAE USB C Cable features.png',47),(187,'Everyworth Micro USB Cable supported devices.png',48),(188,'Everyworth Micro USB Cable Durability.png',48),(189,'Everyworth Micro USB Cable perfect design.png',48),(190,'Everyworth Micro USB Cable Attention.png',48),(191,'Samsung EVO Select 256GB microSD 3.png',49),(192,'Samsung EVO Select 256GB microSD 4.png',49),(193,'Samsung EVO Select 256GB microSD 6.png',49),(194,'Samsung EVO Select 256GB microSD 7.png',49),(195,'Samsung EVO Select 256GB microSD 5.png',49),(196,'Samsung EVO Select 256GB microSD 2.png',49),(197,'SanDisk 128GB 3.png',50),(198,'SanDisk 128GB 4.png',50),(199,'SanDisk 128GB 2.png',50),(200,'SanDisk Ultra 32GB 2.png',51),(201,'SanDisk Ultra 32GB 5.png',51),(202,'SanDisk Ultra 32GB 3.png',51),(203,'SanDisk Ultra 32GB 4.png',51),(204,'Samsung PRO 128GB 4.png',52),(205,'Samsung PRO 128GB 3.png',52),(206,'Samsung PRO 128GB 2.png',52),(207,'Lexar 512GB2.png',53),(208,'Lexar 512GB 3.png',53),(395,'1ED020I12F2XUMA1.3.png',107),(396,'1ED020I12F2XUMA1.2.png',107),(397,'1ED020I12F2XUMA1.4.png',107),(398,'10a6.2.png',108),(399,'10a6.3.png',108),(400,'10a6.4.png',108),(401,'74HCT9046A.2.png',109),(402,'74HCT9046A.4.png',109),(403,'74HCT9046A.3.png',109),(404,'74HC4046ADB.2.png',110),(405,'74HC4046ADB.3.png',110),(406,'74HC4046ADB.4.png',110),(407,'74HC4046ADB.0.png',110),(408,'AD633.3.png',111),(409,'AD633.2.png',111),(410,'1-2199298-6.2.png',112),(411,'snap00762.png',113),(412,'snap00761.png',113),(413,'snap00764.png',114),(414,'snap00765.png',114),(415,'snap00767.png',115),(416,'snap00768.png',115),(417,'snap00770.png',116),(418,'snap00771.png',116),(419,'snap00775.png',117),(420,'snap00776.png',117),(421,'snap00772.png',117),(422,'snap00773.png',117),(423,'snap00774.png',117),(424,'snap00780.png',118),(425,'snap00779.png',118),(426,'snap00782.png',119),(427,'snap00784.png',120),(428,'snap00785.png',120),(429,'snap00787.png',120),(430,'snap00786.png',120),(431,'snap00788.png',121),(432,'snap00790.png',121),(433,'snap00791.png',121),(434,'snap00795.png',122),(435,'snap00796.png',122),(436,'snap00794.png',122),(437,'snap00799.png',123),(438,'snap00800.png',123),(439,'snap00801.png',123),(440,'snap00806.png',124),(441,'snap00805.png',124),(442,'snap00804.png',124),(443,'snap00810.png',125),(444,'snap00808.png',125),(445,'snap00809.png',125),(446,'snap00372.png',126),(447,'snap00371.png',126),(448,'snap00376.png',127),(449,'snap00375.png',127),(450,'snap00377.png',127),(451,'samwa.png',128),(452,'snap00380.png',129),(453,'snap00381.png',129),(454,'snap00385.png',130),(455,'snap00384.png',130),(456,'snap00386.png',130),(457,'snap00391.png',131),(458,'snap00389.png',131),(459,'snap00390.png',131),(460,'snap00393.png',132),(461,'snap00394.png',132),(462,'snap00400.png',133),(463,'snap00405.png',134),(464,'snap00406.png',134),(465,'snap00403.png',134),(466,'snap00404.png',134),(467,'snap00408.png',135),(468,'snap00412.png',136),(469,'snap00414.png',136),(470,'snap00411.png',136),(471,'snap00413.png',136),(472,'snap00418.png',137),(473,'snap00419.png',137);
/*!40000 ALTER TABLE `product_images` ENABLE KEYS */;
UNLOCK TABLES;


LOCK TABLES `products` WRITE;
/*!40000 ALTER TABLE `products` DISABLE KEYS */;
INSERT INTO `products` VALUES (45,'iPhone Charger, MFi Certified Lightning Cable 5 Pack HOVAMP ','iPhone-Charger,-MFi-Certified-Lightning-Cable-5-Pack','<div>Nylon Woven with Metal Connector Compatible iPhone 11/Pro/Xs Max/X/8/7/Plus/6S/6/SE/5S iPad - Silver&amp;White<br></div>','<div><div>Fast Charge:</div><div>♦High-quality four-core copper wires enhance charging &amp; data transfer speed of the cables.</div><div>♦Our technology ensures a faster charging time while keeping your device completely safe.</div><div>♦Easy to carry, It suits every occasions, home, office, car and so on.</div><div><br></div><div>High Quality Nylon Braided:</div><div>♦Constructed from neither plastics nor Polycarbonate sheathing, but has an especially high tensile nylon shell.</div><div>♦The cable is properly circled by the nylon fiber cloth,which brings superior durability and flexibility as well.</div><div>♦Nylon fabric can resist water in some way, but do not put it in water on purpose.</div><div><br></div><div>Compatibility:</div><div>The premium quality of HOVAMP charging cable ensures complete and fast charging and compatibility with:</div><div>iPhone 11/Pro</div><div>iPhone Xs/Max/XR/X/8/8 Plus</div><div>iPhone 7/ 7 Plus / 6s Plus / 6s / 6 Plus</div><div>iPhone 5s / 5c / 5 / SE</div><div>iPad Pro / iPad Air / Air 2</div><div>iPad mini 2 / mini 3 / mini 4</div><div>iPad 4th gen</div><div>iPod Touch 5th gen / iPod Nano 7th gen and Beats Pill+</div><div><br></div><div>What You Get:</div><div>5Pack Lightning Cables , With full confidence in the product we offer 100% refund for unsatisfactory purchase by any reason.</div><div>We provide a 365-day , worry-free to prove the importance we set on quality. Please be sure to send me message if you have a concern.</div></div><div><br></div>','HOVAMP iPhone Charger 5pack main.png','2020-09-30 16:10:14.000000','2022-06-20 19:09:31.178000',_binary '',_binary '',8,11.99,0,2.4,2.4,0.79,0.4,27,83,0,0),(46,'iPhone Charger Cord 4Pack iPhone Charger Cable','iPhone-Charger-Cord-4Pack-iPhone-Charger-Cable','<div>MFi Certified Lightning Cable Fast iPhone Charging Cord Nylon Braided iPhone Charging Cable Compatible with Phone 11 Pro max/XR max/8/7/6/6s/SE 2020,iPad<br></div>','<div><div>Aioneus 4Pack iPhone Charger Cable with Assorted Lengths (1.5FT/3FT/5FT/6FT)</div><div>More convenient to enjoy data sync &amp; charge anywhere and anytime. Using at home, in the car, in the office or outdoors.</div><div>Assorted lengths cover all your daily charging demands. No need to worry about the distance from your devices when charging.</div><div>Package included:</div><div>1*1.5ft Aioneus iPhone charger cord - Green</div><div>1*3ft Aioneus iPhone charging cord - Red</div><div>1*5ft Aioneus iPhone lightning cable - Orange</div><div>1*6ft Aioneus iPhone charger cable - Blue</div></div>','Aioneus iphone charger cord main.png','2022-04-30 16:04:41.000000','2022-05-30 18:16:14.981000',_binary '',_binary '',10.5,16.99,12,3,2,1,0.3,28,83,0,0),(47,'USB C Cable, XIAE 5Pack (3/3/6/6/10FT) Nylon Braided Fast Charging Cable Aluminum','USB-C-Cable-XIAE-5Pack','<div>Compatible with Samsung Galaxy S10 S9 Note 9 8 S8 Plus,LG V30 V20 G6,Google Pixel,Huawei P30/P20-Black&amp;Blue<br></div>','<div><div>Fast charging speed: Compliant with USB Type C specification version 1.1, 56kilohm, ensuring a maximum charge of 3A. Low-resistance internal pure copper wire ensures a maximum charging speed of up to 3A and transmits data up to 480 Mbits.For ensure the charging speed of your device, please use the original USB C port wall charger, or high quality charger which can support QC 2.0/3.0 fast charging.</div><div>Durable: The durable nylon woven fabric is made of a high-quality aluminum casing that makes the charger cable resistant to oxidation. Excellent resistance to twisting and abrasion.With a tested 10000+ bend lifespan.</div><div>Multiple lengths: 3/3/6/6 / 10ft different lengths can be used on sofas, beds, cars and other places. Perfect for long enough wires to enjoy data synchronization and charging anytime, anywhere, without worrying about taking the cable anywhere.</div><div>Compatibility: Compatible with Samsung Galaxy S10 / S10e / S9 / Note 8/9 / S8 / S8 +, Razer, Google Pixel 2 / Pixel / Nexus 5X / Nexus 6P, LG V30 / V20 / G6 / G5, Sony Xperia XZ, Huawei Honor 9/8, Motorola Moto X4 / Z2, HTC U11 and all USB C compatible phones and tablets.</div><div>Warranty Policy: Each sale includes a 180-day Worry-Free Warranty to demonstrate our commitment to quality. If you have any questions, please feel free to contact us.</div></div>','XIAE USB C Cable main.png','2022-04-30 16:08:34.000000','2022-05-30 18:19:39.113000',_binary '',_binary '',7.25,10.99,9,3,2,1,0.4,29,83,0,0),(48,'Micro USB Cable, 10ft 3 Pack Extra Long Charging Cord','Micro-USB-Cable,-10ft-3-Pack-Extra-Long-Charging-Cord','<div>Nylon Braided High Speed Durable Charging USB Charger Android Cable for Samsung Galaxy S7 Edge S6 S5,LG G4,HTC,Android Phone<br></div>','<div><div>★MICRO USB CABLE CONNECTION: The cables are built with MICRO port, exclusively for the devices that has micro connectors. Please make sure you need a MICRO USB CABLE before the purchase. If not, welcome to inquiry</div><div>★UNIVERSAL COMPATIBILITY: This extra long Micro USB Cable supports some Android cell phone and Android devices.Compatible with for Samsung Galaxy S7 Edge S7 S6 Edge S5 S4,Samsung Tablets Tab,for Xbox One controller, for PS4 Controller, Windows Phone, Huawei Honor 7X 6X,Motorola,LG G4 G3 V10,Google Nexus, Blackberry, Sony, HTC, Nokia, Blackberry, wireless keyboards and more</div><div>★DURABILITY &amp; FLEXIBLE: 10ft 3 pack Micro USB Cable is well made with smooth double - braided Nylon that could protect wire cores and resists kinks. With tested 4000+ bend lifespan, our USB charger cords are still sturdy and strong. The cord is also tangle free and flexible which makes your life more convenient</div><div>★EXTRA LONG &amp; PERFECT FIT: Long Android charging cable are considerate on preparing the cables for where you may stay every day. Workplace,office,home,bedroom,car,the way of the journey, etc. Premium compact, heat-resistant aluminium connector makes it easy and secure to connect your devices</div><div>★DATA SYNC &amp; Hi-SPEED CHARGE: The wide diameter wires and reduced cord resistance enable charging speed up to 2.4A, charging faster than most standard cables, and work better for tablets and quick charge devices. USB 2.0 A Male to Micro B cable supports 480Mbps transmission speed</div></div>','Everyworth Micro USB Cable 3pack.png','2022-04-30 16:14:29.000000','2022-05-30 18:18:41.524000',_binary '',_binary '',7,10.99,9,7.5,4,1,0.3,30,83,0,0),(49,'Samsung Electronics EVO Select 256GB microSDXC UHS-I U3 100MB/s Full HD & 4K UHD Memory Card with Adapter (MB-ME256HA)','Samsung-Electronics-EVO-Select-256GB-microSDXC-UHS-I-U3-100M','<div><ul><li><span style=\"font-size: 1rem;\">Memory Type: SDXC</span></li><li>Hardware Interface: MicroSDXC</li><li>Speed Class: Class 10</li><li>Memory Storage Capacity: 256 GB</li></ul></div>','<div><div>Ideal for Recording 4K UHD Video: Samsung micro SD EVO Select is perfect for high res photos, gaming, music, tablets, laptops, action cameras, DSLR\'s, drones, smartphones (Galaxy S20 5G, S20+ 5G, S20 Ultra 5G, S10, S10+, S10e, S9, S9+, Note9, S8, S8+, Note8, S7, S7 Edge, etc. ), Android devices and more</div><div>Ultra Fast Read Write Speeds: Up to 100MB/S Read and 90MB/S Write Speeds; UHS Speed Class U3 and Speed Class 10 (Performance May Vary Based on Host Device, Interface, Usage Conditions, and Other Factors)</div><div>Built to Last Reliability: Memory Card Is Also Water Proof, Temperature Proof, X Ray Proof and Magnetic Proof</div><div>Extended Compatibility: Includes Full Size Adapter for Use in Cameras, Laptops and Desktop Computers</div><div>10 Year Limited : 10 Year Limited Does Not Extend to Dashcam , CCTV, Surveillance Camera and Other Write Intensive Uses</div></div>','Samsung EVO Select 256GB microSD main.png','2022-04-30 16:19:45.000000','2022-05-31 00:45:37.865000',_binary '',_binary '',27.5,49.99,8,1,0.5,0.6,0.03,10,81,0,0),(50,'SanDisk 128GB Extreme microSDXC UHS-I Memory Card with Adapter - C10, U3, V30, 4K, A2, Micro SD - SDSQXA1-128G-GN6MA','SanDisk-128GB-Extreme-microSDXC-UHS-I-Memory-Card-with-Adapter','<div><ul><li>Memory Type: Micro SD</li><li>Hardware Interface: MicroSDXC</li><li>Memory Storage Capacity: 128 GB</li><li>Read Speed: 160 Megabytes Per Second</li></ul></div>','<div>With the SanDisk Extreme 128GB(1) microSD UHS-I Memory Card get extreme speeds for fast transfer, app performance, and 4K UHD video.(2) Ideal for your Android smartphone, action cameras or drones, this high-performance microSD card handles 4K UHD video recording, Full HD video and high-resolution photos. The super-fast SanDisk Extreme microSDXC memory card reads up to 160MB/s and writes up to 90MB/s. Plus, it’s A2-rated, so you can get fast application performance for an exceptional smartphone experience.(7) | Not all devices support microSD memory card formats. Check with your device manufacturer for more details. | For 128GB-400GB: Up to 160MB/s read speeds, engineered with proprietary technology to reach speeds beyond UHS-I 104MB/s, requires compatible devices capable of reaching such speeds. Up to 90MB/s write speeds. 1MB=1,000,000 bytes. | (1) 1GB=1,000,000,000 bytes. Actual user storage less. | (2) Compatible device required. Full HD (1920x1080) and 4K UHD (3840 x 2160) support may vary based upon host device, file attributes and other factors. | (3) Download and installation required. | (4) Card only. See SanDisk website for additional information and limitations. | (5) UHS Speed Class 3 (U3) designates a performance option designed to support real-time video recording with UHS-enabled host devices. Video Speed Class 30 (V30), sustained video capture rate of 30MB/s, designates a performance option designed to support real-time video recording with UHS-enabled host devices. | (6) Registration required; terms and conditions apply. | (7) For 64GB-400GB: A2 performance is 4000 read IOPS, 2000 write IOPS. Results may vary based on host device, app type and other factors. | (8) Read only; based on internal testing. Results may vary based on host device, file attributions and other factors.<br></div>','SanDisk 128GB main.png','2022-04-30 16:20:14.000000','2022-05-30 18:18:54.558000',_binary '',_binary '',17,24.99,0,1,1,0.5,0.3,5,81,0,0),(51,'SanDisk 32GB Ultra microSDHC UHS-I Memory Card with Adapter - 98MB/s, C10, U1, Full HD, A1, Micro SD Card - SDSQUAR-032G-GN6MA','SanDisk-32GB-Ultra-microSDHC-UHS-I-Memory-Card-with-Adapter','<div><ul><li>Memory Type: Microsdhc</li><li>Hardware Interface: MicroSDHC</li><li>Speed Class: Class 10</li><li>Memory Storage Capacity: 32 GB</li></ul></div>','<div><div>Ideal for Android smartphones and tablets, and MIL cameras</div><div>Capacities up to 512GB (1GB=1,000,000,000 bytes. Actual user storage less.) to store even more hours of Full HD video (Approximations; results and Full HD (1920x1080) video support may vary based on host device, file attributes and other factors.)</div><div>Up to 98MB/s transfer read speed (Based on internal testing; performance may be lower depending on host device, interface, usage conditions and other factors.) lets you move up to 1000 photos in a minute (Based on 4.1GB transfer of photos (avg. file 3.5MB) with USB 3.0 reader. Results may vary based on host device, file attributes and other factors.)</div><div>Load apps faster with A1-rated performance (A1 performance is 1500 read IOPS, 500 write IOPS. Based on internal testing. Results may vary based on host device, app type and other factors.)</div><div>Class 10 for Full HD video recording and playback (Full HD (1920x1080) video support may vary based upon host device, file attributes, and other factors.)</div><div>SanDisk Memory Zone app for easy file management (Download and Installation Required)</div><div>10-year limited manufacturer warranty</div><div>Order with your Alexa enabled device. Just ask \"Alexa, order SanDisk microSD.\"</div></div>','SanDisk Ultra 32GB main.png','2022-04-30 16:25:14.000000','2022-05-30 18:18:59.606000',_binary '',_binary '',7,8.99,6,1,1,0.5,0.04,5,81,0,0),(52,'Samsung PRO Endurance 128GB 100MB/s (U1) MicroSDXC Memory Card with Adapter (MB-MJ128GA/AM)','Samsung-PRO-Endurance-128GB-100MBs','<div><ul><li><span style=\"font-size: 1rem;\">Memory Type: Micro SDXC</span></li><li>Hardware Interface: MicroSDXC</li><li>Memory Storage Capacity: 128 GB</li><li>Write Speed: 30</li></ul></div>','<div><div>DESIGNED FOR VIDEO MONITORING: Samsung MicroSDXC PRO is specifically designed for video monitoring cameras including dash cams, surveillance &amp; security cams, body cams, etc.</div><div>ULTRA-FAST READ WRITE SPEEDS: Up to 100MB/s read and 30MB/s write speeds handles large video files quickly and seamlessly</div><div>HIGHER ENDURANCE: Continuous recording up to 25x longer than speed-focused cards gives you long-lasting, best-in-class endurance up to 43,800 hours of 4K and Full HD (1080p) recording and playback</div><div>BUILT TO LAST RELIABILITY: Shock proof memory card is also water proof, temperature proof, x-ray proof and magnetic proof</div><div>5-YEAR LIMITED WARRANTY: 5-year limited warranty; Warranty for SD adapter is limited to 1 year</div></div>','Samsung PRO 128GB main.png','2022-04-30 16:27:21.000000','2022-05-31 00:45:18.068000',_binary '',_binary '',29.99,39.99,7,1,0.6,0.4,0.2,10,81,4,1),(53,'Lexar High-Performance 633x 512GB microSDXC UHS-I Card with SD Adapter (LSDMI512BBNL633A)','Lexar-High-Performance-633x-512GB-microSDXC-UHS-I-Card-with-SD-Adapter','<div><ul><li>Premium memory solution for smartphones, tablets, or action cameras</li><li>Quickly captures, plays back, and transfers media files, including 1080p full-HD, 3D, and 4K video</li><li>Leverages UHS-I technology for a transfer speed up to 100MB/s</li><li>Includes high-speed, Class 10 card and SD adapter</li><li>Limited lifetime product support for card and one-year limited support for adapter</li><li>Only purchase from a Lexar Authorized Dealer</li></ul></div>','<div>Designed for your smartphone, tablet, or action camera, Lexar High-Performance 633x microSDHC/microSDXC UHS-I cards let you quickly capture, playback, and transfer 1080p Full-HD, 3D, and 4K video, as well as the highest-quality movies, photos, and songs. These high-capacity, Class 10 cards leverage UHS-I technology to deliver high-speed performance—up to 100MB/s. This premium memory solution includes an SD adapter and provides the speed and space you need to capture more adventure on the go.<br></div>','Lexar 512GB main.png','2022-04-30 16:30:54.000000','2022-05-30 18:17:42.424000',_binary '',_binary '',62,79.99,0,1,2,0.5,0.2,31,81,4,1),(107,'Driver MOSFET/IGBT Infineon Tehnologies 1ED020I12F2XUMA1','1ED020I12F2XUMA1','<div><ul><li><span style=\"font-size: 1rem;\"><b>Single channel isolated IGBT Driver for 600V/1200 V IGBTs with a&nbsp;2 A rail-to-rail output</b>.</span></li><li>The device also includes IGBT desaturation protection with FAULT status outputs.&nbsp;</li><li>Two READY status outputs reports if the device is supplied and operates correct</li></ul></div>','<div>The <b>1ED020I12-F2</b> is a galvanic isolated single channel IGBT driver in PG-DSO-16-15 package that provides an\r\noutput current capability of typically 2A.&nbsp;</div><div><br></div><div>All logic pins are 5V CMOS compatible and could be directly connected to a microcontroller.&nbsp;</div><div>The data transfer across galvanic isolation is realized by the integrated Coreless Transformer Technology.\r\nThe 1ED020I12-F2 provides several protection features like IGBT desaturation protection, active Miller clamping\r\nand active shut down.&nbsp;<br></div><div><br></div><div><b>CLAMP Miller Clamping</b>\r\nTies the gate voltage to ground after the IGBT has been switched off at a defined voltage to avoid a parasitic\r\nswitch-on of the IGBT.During turn-off, the gate voltage is monitored and the clamp output is activated when the\r\ngate voltage goes below 2 V below VEE2.<br></div><div><br></div><div>Full specs:&nbsp;<a href=\"https://www.tme.eu/Document/f9fc2e39c8ef5fab6fbab91b1d876169/1ED020I12-F2.pdf\" target=\"_self\">1ED020I12-F2.pdf</a></div>','1ED020I12F2XUMA1.1.png','2022-05-30 20:40:28.003000','2022-05-30 23:29:12.802000',_binary '',_binary '',4.05,6.42,3.5,3,3,2,0.01,58,59,3,1),(108,'Diodă 10A6 DC COMPONENTS','10A6-DC','<div>GENERAL PURPOSE SILICON RECTIFIER<br></div><div><br></div><div>CURRENT - 10 Amperes<br></div>','<div><ul><li><span style=\"font-size: 1rem;\">Low cost&nbsp;</span></li><li><span style=\"font-size: 1rem;\">L</span><span style=\"font-size: 1rem;\">ow leakage&nbsp;</span></li><li>Low forward voltage drop</li><li><span style=\"font-size: 1rem;\">High current capability&nbsp;</span></li><li>High surge current capability</li></ul></div>','10a6.1.png','2022-06-01 15:15:04.240000','2022-06-15 12:53:11.989000',_binary '',_binary '',0.25,0.6,0,1,1,1,0.01,59,48,0,0),(109,'Integrat IC digital 74HCT9046A','74HCT9046A','<div>The 74HCT9046A. This device features reduced input threshold levels to allow interfacing\r\nto TTL logic levels. Inputs also include clamp diodes, this enables the use of current\r\nlimiting resistors to interface inputs to voltages in excess of V<span style=\"font-size:12px;\">CC</span>.&nbsp;<br></div>','<div><div><font color=\"#008000\"><span style=\"font-size: 24px;\"><b>Applications:</b></span></font></div></div><div><font color=\"#008000\"><span style=\"font-size: 24px;\"><b><br></b></span></font></div><ul><li><span style=\"font-size: 1rem;\">FM modulation and demodulation where a small center frequency tolerance is\r\nessential&nbsp;</span></li><li><span style=\"font-size: 1rem;\">Frequency synthesis and multiplication where a low jitter is required (e.g. video\r\npicture-in-picture)&nbsp;</span></li><li><span style=\"font-size: 1rem;\">Frequency discrimination&nbsp;</span></li><li><span style=\"font-size: 1rem;\">Tone decoding&nbsp;</span></li><li><span style=\"font-size: 1rem;\">Data synchronization and conditioning&nbsp;</span></li><li><span style=\"font-size: 1rem;\">Voltage-to-frequency conversion&nbsp;</span></li><li><span style=\"font-size: 1rem;\">Motor-speed control</span></li></ul>','74HCT9046A.1.png','2022-06-01 15:28:40.409000','2022-06-15 12:53:42.438000',_binary '',_binary '',2.8,4.95,2,1,1,1,0.01,60,63,0,0),(110,'Integrat IC 74HC4046ADB,112','74HC4046ADB.112','<div>The 74HC4046A; 74HCT4046A is a high-speed Si-gate CMOS device.&nbsp;</div><div>It is specified in\r\ncompliance with JEDEC standard no 7A<br></div>','<div>The <b>74HC4046A; 74HCT4046A</b> is a <u>phase-locked-loop circuit</u> that comprises a linear\r\nvoltage-controlled oscillator (VCO) and three different phase comparators (PC1, PC2 and\r\nPC3). It has a common signal input amplifier and a common comparator input. The signal input can be directly coupled to a large voltage signal, or indirectly\r\ncoupled (with a series capacitor) to a small voltage signal. A self-bias input circuit keeps\r\nsmall voltage signals within the linear region of the input amplifiers. With a passive\r\nlow-pass filter, the 74HC4046A; 74HCT4046A forms a second-order loop PLL. The\r\nexcellent VCO linearity is achieved by the use of linear op amp techniques.&nbsp;<br></div><div><br></div><div>The input signal can be coupled to the self-biasing amplifier at pin SIG_IN, when the\r\nsignal swing is between the standard HC family input logic levels. Capacitive coupling is\r\nrequired for signals with smaller swings.<br></div><div><br></div><div>Documentation:&nbsp;<a href=\"https://www.tme.eu/Document/f06b3b0f29119b66378e767aaa6e5802/74HC_HCT4046A.pdf\" target=\"_blank\">74HC_HCT4046A.pdf</a></div>','74HC4046ADB.1.png','2022-06-01 18:19:24.267000','2022-06-15 12:53:32.899000',_binary '',_binary '',1.4,2.95,2,1,1,1,0.01,60,60,5,1),(111,'Multiplicator analogic: AD633ARZ ANALOG DEVICES','AD633ARZ','<div>FEATURES&nbsp;</div><div>4-Quadrant Multiplication&nbsp;</div><div>Low Cost 8-Lead Package&nbsp;</div><div>Complete—No External Components Required&nbsp;</div><div>Laser-Trimmed Accuracy and Stability&nbsp;</div><div>Total Error within 2% of FS&nbsp;</div><div>Differential High Impedance X and Y Inputs&nbsp;</div><div>High Impedance Unity-Gain Summing Input&nbsp;</div><div>Laser-Trimmed 10 V Scaling Reference&nbsp;</div><div><br></div><div>APPLICATIONS&nbsp;</div><div>Multiplication, Division, Squaring&nbsp;</div><div>Modulation/Demodulation, Phase Detection&nbsp;</div><div>Voltage Controlled Amplifiers/Attenuators/Filters<br></div>','<div>The <b>AD633</b> is a functionally complete, four-quadrant, analog\r\nmultiplier. It includes high impedance, differential X and Y\r\ninputs and a high impedance summing input (Z). The low\r\nimpedance output voltage is a nominal 10 V full scale provided\r\nby a buried Zener. The AD633 is the first product to offer these\r\nfeatures in modestly priced 8-lead plastic DIP and SOIC packages.&nbsp;</div><div>The AD633 is laser calibrated to a guaranteed total accuracy of\r\n2% of full scale. Nonlinearity for the Y input is typically less\r\nthan 0.1% and noise referred to the output is typically less than\r\n100 µV rms in a 10 Hz to 10 kHz bandwidth. A 1 MHz bandwidth, 20 V/µs slew rate, and the ability to drive capacitive loads\r\nmake the AD633 useful in a wide variety of applications where\r\nsimplicity and cost are key concerns.&nbsp;</div><div>The AD633’s versatility is not compromised by its simplicity.\r\nThe Z-input provides access to the output buffer amplifier,\r\nenabling the user to sum the outputs of two or more multipliers,\r\nincrease the multiplier gain, convert the output voltage to a\r\ncurrent, and configure a variety of applications.&nbsp;</div><div>The AD633 is available in an 8-lead plastic DIP package (N)\r\nand 8-lead SOIC (R). It is specified to operate over the 0°C to\r\n70°C commercial temperature range (J Grade) or the –40°C to\r\n+85°C industrial temperature range (A Grade).<br></div>','AD633.1.png','2022-06-01 18:31:02.715000','2022-06-01 18:31:02.715000',_binary '',_binary '',14.8,27.85,2.5,1,1,1,0.01,61,62,5,1),(112,'Soclu DIP 1-2199298-6 TE CONNECTIVITY','1-2199298-6','<div>DIP 20 pins</div>','<div>Soclu DIP 20 pini cu distanță între rânduri de 7.62 mm</div>','1-2199298-6.1.png','2022-06-15 12:58:05.055000','2022-06-15 12:58:05.055000',_binary '',_binary '',0.64,1.14,0,1,1,1,0.01,62,66,0,0),(113,'Microcontroler ARM XMC1100Q024F0064ABXUMA1 INFINEON TECHNOLOGIES','XMC1100Q024F0064ABXUMA1','<div>XMC1300 AB-Step&nbsp;</div><div><br></div><div>Microcontroller Series\r\nfor Industrial Applications&nbsp;</div><div>XMC1000 Family\r\nARM® Cortex®-M0\r\n32-bit processor core<br></div><div>The XMC1300 devices are members of the XMC1000 Family of microcontrollers based\r\non the ARM Cortex-M0 processor core. The XMC1300 series addresses the real-time\r\ncontrol needs of motor control, digital power conversion. It also features peripherals for\r\nLED Lighting applications.<br></div>','<div>The <b>XMC1300 </b>is a member of the <u>XMC1000 Family of microcontrollers</u>. It is also\r\ncompatible to a certain extent with members of similar families or subfamilies.\r\nEach package is optimized for the device it houses. Therefore, there may be slight\r\ndifferences between packages of the same pin-count but for different device types. In\r\nparticular, the size of the exposed die pad may vary.\r\nIf different device types are considered or planned for an application, it must be ensured\r\nthat the board layout fits all packages under consideration.<br></div><div>• CPU Core&nbsp;</div><div>– High-performance 32-bit ARM Cortex-M0 CPU&nbsp;</div><div>– Most 16-bit Thumb and subset of 32-bit Thumb2 instruction set&nbsp;</div><div>– Single cycle 32-bit hardware multiplier&nbsp;</div><div>– System timer (SysTick) for Operating System support<br></div><div><br></div><div>Specs:&nbsp;<a href=\"https://www.tme.eu/Document/aa512e3235c69932ce92ac85fcbe9f2d/XMC1300-AB-EN.pdf\" target=\"_blank\">https://www.tme.eu/Document/aa512e3235c69932ce92ac85fcbe9f2d/XMC1300-AB-EN.pdf</a></div>','snap00760.png','2022-06-15 13:05:20.580000','2022-06-15 13:06:29.016000',_binary '',_binary '',2.1,3.68,0,1,1,1,0.01,58,61,0,0),(114,'Microcontroler ARM XMC1202T016X0032ABXUMA1 INFINEON TECHNOLOGIES','XMC1202T016X0032ABXUMA1','<div>XMC1300 AB-Step&nbsp;</div><div><br></div><div>Microcontroller Series\r\nfor Industrial Applications&nbsp;</div><div><br></div><div>XMC1000 Family\r\nARM® Cortex®-M0\r\n32-bit processor core<br></div>','<div>The XMC1300 devices are members of the XMC1000 Family of microcontrollers based\r\non the ARM Cortex-M0 processor core. The XMC1300 series addresses the real-time\r\ncontrol needs of motor control, digital power conversion. It also features peripherals for\r\nLED Lighting applications.</div><div><span style=\"font-size: 1rem;\">CPU Core&nbsp;</span></div><div><ul><li>High-performance 32-bit ARM Cortex-M0 CPU&nbsp;</li><li>Most 16-bit Thumb and subset of 32-bit Thumb2 instruction set&nbsp;</li><li>Single cycle 32-bit hardware multiplier&nbsp;</li><li>System timer (SysTick) for Operating System support</li></ul></div><div><br></div>','snap00763.png','2022-06-15 13:17:30.841000','2022-06-15 13:17:59.071000',_binary '',_binary '',24.8,36.5,2,1,1,1,0.01,58,61,0,0),(115,'Sursă tensiune AD581JH ANALOG DEVICES','AD581JH','<div><div>Laser Trimmed to High Accuracy:</div><div>10.000 Volts 5 mV (L and U)</div><div>Trimmed Temperature Coefficient:</div><div>5 ppm/C max, 0C to +70C (L)</div><div>10 ppm/C max, –55C to +125C (U)</div><div>Excellent Long-Term Stability:</div><div>25 ppm/1000 hrs. (Noncumulative)</div><div>Negative 10 Volt Reference Capability</div><div>Low Quiescent Current: 1.0 mA max</div><div>10 mA Current Output Capability</div><div>3-Terminal TO-5 Package</div><div>MIL-STD-883 Compliant Versions Available</div></div>','<div>The AD581 is a three-terminal, temperature compensated,\r\nmonolithic bandgap voltage reference which provides a precise\r\n10.00 volt output from an unregulated input level from 12 to 30\r\nvolts. Laser Wafer Trimming (LWT) is used to trim both the\r\ninitial error at +25°C as well as the temperature coefficient,\r\nwhich results in high precision performance previously available\r\nonly in expensive hybrids or oven-regulated modules. The 5 mV\r\ninitial error tolerance and 5 ppm/°C guaranteed temperature coefficient of the AD581L represent the best performance combination available in a monolithic voltage reference.<br></div><div><br></div><div>The bandgap circuit design used in the AD581 offers several advantages over classical Zener breakdown diode techniques. Most\r\nimportant, no external components are required to achieve full\r\naccuracy and stability of significance to low power systems. In\r\naddition, total supply current to the device, including the output\r\nbuffer amplifier (which can supply up to 10 mA) is typically\r\n750 µA. The long-term stability of the bandgap design is equivalent or superior to selected Zener reference diodes.<br></div>','snap00766.png','2022-06-15 13:27:18.203000','2022-06-15 13:27:18.203000',_binary '',_binary '',24.2,38.4,3,1,1,1,0.01,61,64,0,0),(116,'Sursă tensiune AD584JNZ ANALOG DEVICES','AD584JNZ','<div>Four programmable output voltages\r\n10.000 V, 7.500 V, 5.000 V, and 2.500 V&nbsp;</div><div>Laser-trimmed to high accuracies&nbsp;</div><div>No external components required&nbsp;</div><div>Trimmed temperature coefficient\r\n15 ppm/°C maximum, 0°C to 70°C (AD584K)\r\n15 ppm/°C maximum, −55°C to +125°C (AD584T)&nbsp;</div><div>Zero output strobe terminal provided\r\n2-terminal negative reference: capability (5 V and above)&nbsp;</div><div>Output sources or sinks current\r\nLow quiescent current: 1.0 mA maximum\r\n10 mA current output capability\r\nMIL-STD-883 compliant versions available<br></div>','<div>The AD584 is an 8-terminal precision voltage reference offering\r\npin programmable selection of four popular output voltages:\r\n10.000 V, 7.500 V, 5.000 V and 2.500 V. Other output voltages,\r\nabove, below, or between the four standard outputs, are available by\r\nthe addition of external resistors. The input voltage can vary\r\nbetween 4.5 V and 30 V.</div><div>&nbsp;Laser wafer trimming (LWT) is used to adjust the pin\r\nprogrammable output levels and temperature coefficients,\r\nresulting in the most flexible high precision voltage reference\r\navailable in monolithic form.<br></div><div>In addition to the programmable output voltages, the AD584\r\noffers a unique strobe terminal that permits the device to be\r\nturned on or off. When the AD584 is used as a power supply\r\nreference, the supply can be switched off with a single, low power\r\nsignal. In the off state, the current drained by the AD584 is reduced\r\nto approximately 100 µA. In the on state, the total supply current is\r\ntypically 750 µA, including the output buffer amplifier.<br></div><div>The AD584 is recommended for use as a reference for 8-, 10-,\r\nor 12-bit digital-to-analog converters (DACs) that require an\r\nexternal precision reference. In addition, the device is ideal for\r\nanalog-to-digital converters (ADCs) of up to 14-bit accuracy,\r\neither successive approximation or integrating designs, and in\r\ngeneral, it can offer better performance than that provided by\r\nstandard self-contained references.<br></div><div>Specsheet:&nbsp;<a href=\"https://octopart.com/datasheet/ad584jnz-analog+devices-109747\" target=\"_blank\">https://octopart.com/datasheet/ad584jnz-analog+devices-109747</a></div>','snap00769.png','2022-06-15 14:21:05.245000','2022-06-20 19:09:05.267000',_binary '',_binary '',14.2,24.5,0,1,1,1,0.01,61,64,0,0),(117,'Tranzistor N-MOSFET 10N65 LUGUANG ELECTRONIC','10N65-LUGUANG','<div>10N65 650V N-Channel MOSFET<br></div><div>•&nbsp;<span style=\"font-size: 1rem;\">10A, 650V, RDS(on)=0.63Ω @VGS=10 V&nbsp;</span></div><div>• Low gate charge ( typical 45 nC)&nbsp;</div><div>• Low Crss ( typical 12pF)\r\n10N65\r\n650V N-Channel MOSFET</div><div>• Fast switching&nbsp;</div><div>• 100% avalanche tested&nbsp;&nbsp;</div><div>• Improved dv/dt capability<br></div>','<div>This Power MOSFET is produced by HSDQ using its own advanced planar stripe DMOS\r\ntechnology.This advanced technology has been especially tailored to minimize on-state\r\nresistance,provide superior switching performance,and withstand high energy pulse in the\r\navalanche and commutation mode These devices are well suited for high efficiency\r\nTO-220F Package 2\r\navalanche and commutation mode. These devices are well suited for high efficiency\r\nswitched mode power supplies,active power factor correction based on half bridge topology.<br></div>','snap00777.png','2022-06-15 14:42:39.633000','2022-06-15 14:42:39.633000',_binary '',_binary '',1.1,2.55,2.5,1,1,1,0.01,63,54,0,0),(118,'Tranzistor bipolar 2N1613 CDIL','2N1613-CDIL','<div>Tranzistor bipolar&nbsp;</div><div>Montare THT</div><div><span style=\"color: rgb(46, 53, 59); font-family: Lato, Lato-polyfill, Constantia; font-size: 14px;\">Denumire producător: 2N1613</span></div>','<div>Specificații complete:&nbsp;<a href=\"https://www.tme.eu/Document/cef519520a277f0e15db7b22ed28d01c/2N1613.pdf\" target=\"_blank\">https://www.tme.eu/Document/cef519520a277f0e15db7b22ed28d01c/2N1613.pdf</a></div>','snap00778.png','2022-06-15 18:21:23.253000','2022-06-15 18:21:23.253000',_binary '',_binary '',0.98,2.15,10,1,1,1,0.01,64,55,0,0),(119,'Tranzistor unipolar NTE6402 NTE ELECTRONICS','NTE6402-NTE','<div>The NTE6402 is a 3–terminal silicon planer passivated PNP device available in the standard plastic\r\nlow cost TO98 and TO92 type packages. The terminals are designated as anode, anode gate, and\r\ncathode.<br></div>','<div>This device has been characterized as a Programmable Unijunction Transistor (PUT), offering many\r\nadvantages over conventional unijunction transistors. The designer can select R1 and R2 to program\r\nunijunction characteristics such as intrinsic standoff ratio, Interbase resistance, peak–point emitter\r\ncurrent, and valley–point current to meet his particular needs.\r\nPUT’s are specifically charactrized for long interval timers and other applications requiring low leakage and low peak point current. PUT’s similar types have been characterized.</div><div><b style=\"font-size: 1rem;\"><br></b></div><div><b style=\"font-size: 1rem;\">Applications:&nbsp;</b></div><div><br></div><div>- SCR Trigger&nbsp;</div><div>- Pulse and Timing Circuits <br>- Oscillators&nbsp;</div><div>- Sensing Circuits&nbsp;</div><div>- Sweep Circits<br></div><div><br></div><div>Documentation:&nbsp;&nbsp;<a href=\"https://www.tme.eu/Document/bbcbb7b83cf52628bcaaaa7fda0eb87c/nte6402.pdf\" target=\"_blank\">https://www.tme.eu/Document/bbcbb7b83cf52628bcaaaa7fda0eb87c/nte6402.pdf</a></div>','snap00781.png','2022-06-15 18:27:35.900000','2022-06-15 18:28:43.951000',_binary '',_binary '',3.8,5.85,0,1,1,1,0.01,65,56,0,0),(120,'Triac 2N6071BG LITTELFUSE','2N6071BG-LTL','<div>• Sensitive Gate Triggering\r\nUniquely Compatible\r\nfor Direct Coupling to\r\nTTL, HTL, CMOS and\r\nOperational Amplifier\r\nIntegrated Circuit Logic\r\nFunctions&nbsp;</div><div>• Gate Triggering: 4 Mode -\r\n2N6071A, B; 2N6073A, B;\r\n 2N6075A, B&nbsp;</div><div>• Blocking Voltages to 600 V&nbsp;</div><div>• All Diffused and Glass\r\nPassivated Junctions\r\nfor Greater Parameter\r\nUniformity and Stability&nbsp;</div><div>• Small, Rugged,\r\nThermopad Construction\r\nfor Low Thermal\r\nResistance, High Heat\r\nDissipation and Durability<br></div>','<div>Designed primarily for full-wave AC control applications,\r\nsuch as light dimmers, motor controls, heating controls\r\nand power supplies; or wherever full-wave silicon gate\r\ncontrolled solid-state devices are needed. Triac type\r\nthyristors switch from a blocking to a conducting state for\r\neither polarity of applied anode voltage with positive or\r\nnegative gate triggering.<br></div>','snap00783.png','2022-06-15 18:33:47.113000','2022-06-15 18:33:47.113000',_binary '',_binary '',0.85,2.15,10,1,1,1,0.01,66,57,0,0),(121,'Diac BR100-03LLD x 100 buc DIOTEC SEMICONDUCTOR','BR100-03LLD','<div>The DIAC (diode for alternating current) is a diode that conducts electrical current only after its breakover voltage, VBO, has been reached momentarily. Three four and five layer structures may be used. Behavior is similar to the voltage breakdown of a triac without a gate terminal.<br></div>','<div><div>When breakdown occurs, internal positive feedback (impact ionization or two transistor feedback) ensures that the diode enters a region of negative dynamic resistance, leading to a sharp increase in current through the diode and a decrease in the voltage drop across it (typically full switch-on takes a few hundred nanoseconds to microseconds). The diode remains in conduction until the current through it drops below a value characteristic for the device, called the holding current, IH. Below this threshold, the diode switches back to its high-resistance, non-conducting state. This behavior is bi-directional, meaning typically the same for both directions of current.</div><div><br></div><div>Most DIACs have a three-layer structure with breakover voltage of approximately 30 V and an on voltage of less than 3 V. Their behavior is analogous to the striking and extinction voltages of a neon lamp, but it can be more repeatable and takes place at a lower voltages.</div><div><br></div><div>DIACs have no gate or trigger electrode, unlike some other thyristors that they are commonly used to trigger, such as TRIACs. Some TRIACs, like Quadrac, contain a built-in DIAC in series with the TRIAC\'s gate terminal for this purpose.</div><div><br></div><div>DIACs are also called \"symmetrical trigger diodes\" due to the symmetry of their characteristic curve. Because DIACs are bidirectional devices, their terminals are not labeled as anode and cathode but as A1 and A2 or main terminal MT1 and MT2.</div></div>','snap00789.png','2022-06-20 19:07:34.082000','2022-06-20 19:08:28.291000',_binary '',_binary '',3.25,6.2,5,5,9,9,0.1,67,65,0,0),(122,'Diodă Schottky 12SQ030 x 50buc DC COMPONENTS','12SQ030','<div><b>FEATURES&nbsp;</b></div><div>* Low power loss&nbsp;</div><div>* Low forward voltage&nbsp;</div><div>* High current capability&nbsp;</div><div>* High efficiency&nbsp;</div><div><b><br></b></div><div><b>MECHANICAL DATA&nbsp;</b></div><div><span style=\"font-size: 1rem;\">* Case: Molded plastic&nbsp;</span></div><div><span style=\"font-size: 1rem;\">* Epoxy: UL 94V-0 rate flame retardant&nbsp;</span></div><div><span style=\"font-size: 1rem;\">* Mounting position: Any&nbsp;</span></div><div><span style=\"font-size: 1rem;\">* High surge capability&nbsp;</span></div><div><span style=\"font-size: 1rem;\">* Guard ring for transient protection&nbsp;</span></div><div><span style=\"font-size: 1rem;\">* Weight: 2.08 gram</span><br></div>','<div><div>The<b> Schottky diode</b> (named after the German physicist Walter H. Schottky), also known as Schottky barrier diode or hot-carrier diode, is a semiconductor diode formed by the junction of a semiconductor with a metal. It has a low forward voltage drop and a very fast switching action. The cat\'s-whisker detectors used in the early days of wireless and metal rectifiers used in early power applications can be considered primitive Schottky diodes.</div><div><br></div><div>When sufficient forward voltage is applied, a current flows in the forward direction. A silicon p–n diode has a typical forward voltage of 600–700 mV, while the Schottky\'s forward voltage is 150–450 mV. This lower forward voltage requirement allows higher switching speeds and better system efficiency.</div></div>','snap00793.png','2022-06-22 16:36:19.634000','2022-06-22 19:07:54.496000',_binary '',_binary '',12.4,19.25,0,7,5,6,0.1,59,51,0,0),(123,'Diodă transil 1.5KE100A x 50 buc CDIL','Diodă-transil-1.5KE100A-x-50-buc-CDIL','<div><b>FEATURES</b>:&nbsp;</div><div>1. Peak power dissipation 1500W @10 x 1000 us Pulse&nbsp;</div><div>2. Low profile package&nbsp;</div><div>3. Excellent clamping capability&nbsp;</div><div>4. Glass passivated junction&nbsp;</div><div>5. Fast response time: typically less than 1ps from 0 Volts to BV min&nbsp;</div><div>6. Typical IR less than 1uA when VBR min above 12V&nbsp;</div><div>7. IEC 61000-4-2 ESD 30KV(Air), 30KV(Contact)&nbsp;</div><div>8. ESD protection of data lines in accordance with IEC 61000-4-2&nbsp;</div><div>9. EFT protection of data lines in accordance with IEC 61000-4-4&nbsp;</div><div>10. RoHS compliant<br></div>','<div><div>Following the end of forwarding conduction in a p–n type diode, a reverse current can flow for a short time. The device does not attain its blocking capability until the mobile charge in the junction is depleted.</div><div><br></div><div>The effect can be significant when switching large currents very quickly. A certain amount of \"reverse recovery time\" tr (on the order of tens of nanoseconds to a few microseconds) may be required to remove the reverse recovery charge Qr from the diode. During this recovery time, the diode can actually conduct in the reverse direction. This might give rise to a large current in the reverse direction for a short time while the diode is reverse biased. The magnitude of such a reverse current is determined by the operating circuit (i.e., the series resistance) and the diode is said to be in the storage-phase. In certain real-world cases it is important to consider the losses that are incurred by this non-ideal diode effect. However, when the slew rate of the current is not so severe (e.g. Line frequency) the effect can be safely ignored. For most applications, the effect is also negligible for Schottky diodes.</div><div><br></div><div>The reverse current ceases abruptly when the stored charge is depleted; this abrupt stop is exploited in step recovery diodes for the generation of extremely short pulses.</div></div>','snap00798.png','2022-06-22 19:15:08.141000','2022-06-22 19:15:39.148000',_binary '',_binary '',6.5,9.4,5,8,5,9,0.1,64,50,0,0),(124,'Diodă Zener 1EZ10 x 100 buc. DC COMPONENTS','1EZ10','<div><b>FEATURES&nbsp;</b></div><div>* Voltage Range: 6.2V to 300V&nbsp;</div><div>* Low leakage&nbsp;</div><div>* Low inductance&nbsp;</div><div>* High peak reverse power disspation&nbsp;</div><div>* Glass passivated junction&nbsp;</div><div>* Build-in strain relief</div><div><br></div><div><b>MECHANICAL DATA&nbsp;</b></div><div>* Case: Molded plastic&nbsp;</div><div>* Epoxy: UL 94V-0 rate flame retardant&nbsp;</div><div>* Mounting position: Any&nbsp;</div><div>* Weight: 0.33 gram<br></div>','<div><div>A Zener diode is a special type of diode designed to reliably allow current to flow \"backwards\" when a certain set reverse voltage, known as the Zener voltage, is reached.</div><div><br></div><div>Zener diodes are manufactured with a great variety of Zener voltages and some are even variable. Some Zener diodes have a sharp, highly doped p–n junction with a low Zener voltage, in which case the reverse conduction occurs due to electron quantum tunnelling in the short space between p and n regions − this is known as the Zener effect, after Clarence Zener. Diodes with a higher Zener voltage have a more gradual junction and their mode of operation also involves avalanche breakdown. Both breakdown types are present in Zener diodes with the Zener effect predominating at lower voltages and avalanche breakdown at higher voltages.</div><div><br></div><div>Zener diodes are widely used in electronic equipment of all kinds and are one of the basic building blocks of electronic circuits. They are used to generate low-power stabilized supply rails from a higher voltage and to provide reference voltages for circuits, especially stabilized power supplies. They are also used to protect circuits from overvoltage, especially electrostatic discharge.</div></div>','snap00802.png','2022-06-22 19:22:18.719000','2022-06-22 19:22:18.719000',_binary '',_binary '',3.2,5.5,2,7,6,8,0.1,59,49,0,0),(125,'Modul Peltier ATS-TEC30-33-020 ADVANCED THERMAL SOLUTIONS','ATS-TEC30-33-020','<div><b>FEATURES &amp; BENEFITS</b>&nbsp;</div><div>» Medium to small form factors (10x10 to 50x50 mm)&nbsp;</div><div>» Thin form factor (3.3 to 4.7 mm)&nbsp;</div><div>» Cooling power, Qmax, from 2 to 133W&nbsp;</div><div>» Customizable shapes to suit different applications&nbsp;</div><div><br></div><div><b>APPLICATIONS</b>&nbsp;</div><div>» Thermal management&nbsp;</div><div>» Laboratory testing&nbsp;</div><div>» Laser diode&nbsp;</div><div>» Refrigerators&nbsp;</div><div>» Telecom equipment&nbsp;</div><div>» Biomedical equipment<br></div>','<div>Thermoelectric devices are semiconductor heater or refrigeration units which use the Peltier effect to\r\ncreate a heat flux between the two surfaces of the module. Named after French physicist Athanase\r\nPeltier, the Peltier Effect shows that a temperature differential is created when DC current is applied\r\nacross two dissimilar materials with a P-N junction characteristics. The Peltier Effect is one of the\r\nthree thermoelectric effects, the other two are known as the Seebeck Effect and Thomson Effect.&nbsp;</div><div><br></div><div>The typical thermoelectric module is manufactured using two thin ceramic wafers with a series of P\r\nand N doped bismuth-telluride semiconductor material elements sandwiched between them. The ceramic\r\nmaterial on both sides of the module adds rigidity and the necessary electrical insulation. The N element\r\ntype material has an excess of electrons, while the P element type material has a deficit of electrons.\r\nOne P element and one N element make up a couple junction that creates the thermoelectric effect<br></div>','snap00807.png','2022-06-23 00:23:45.831000','2022-06-23 00:26:12.707000',_binary '',_binary '',19.5,27.4,0,5,5,4,0.05,68,107,0,0),(126,'Inductor toroidal 159P HAMMOND','159P-HAMMOND','<div>• Economical \"open bracket\" - channel mount.&nbsp;</div><div>• Tolerance of 15% on both inductance &amp;\r\nresistance.&nbsp;</div><div>• Inductances measured at rated D.C. current.&nbsp;</div><div>• Minimum 5\" long leads.&nbsp;</div><div>• Units will exhibit less inductance at slightly\r\nhigher currents or more at lower currents.&nbsp;</div><div>• Perfect for high voltage power supply\r\nfiltering.<br></div>','<div><div>Toroidal inductors and transformers are inductors and transformers which use magnetic cores with a toroidal (ring or donut) shape. They are passive electronic components, consisting of a circular ring or donut shaped magnetic core of ferromagnetic material such as laminated iron, iron powder, or ferrite, around which wire is wound.</div><div><br></div><div>Although closed-core inductors and transformers often used cores with a square shape in the past, the use of toroidal-shaped cores has significantly increased because of their superior electrical performance. The advantage of the toroidal shape is that, due to its symmetry, the amount of magnetic flux that escapes outside the core (leakage flux) is low, therefore it is more efficient and thus radiates less electromagnetic interference (EMI).</div><div><br></div><div>Toroidal inductors and transformers are used in a wide range of electronic circuits: power supplies, inverters, and amplifiers, which in turn are used in the vast majority of electrical equipment: TVs, radios, computers, and audio systems.</div></div>','snap00370.png','2022-06-23 18:52:18.438000','2022-06-23 18:52:18.438000',_binary '',_binary '',26.4,38.85,0,12,8,8,1.1,69,80,5,1),(127,'Inductor 05HCP-100K-51 x 10 buc. FASTRON','05HCP-100K-51','<div>An inductor is characterized by its inductance, which is the ratio of the voltage to the rate of change of current. In the International System of Units (SI), the unit of inductance is the henry (H) named for 19th century American scientist&nbsp;<a href=\"https://en.wikipedia.org/wiki/Joseph_Henry\" title=\"Joseph Henry\" style=\"color: rgb(6, 69, 173); background: none rgb(255, 255, 255); font-family: sans-serif; font-size: 14px;\">Joseph Henry</a>. In the measurement of magnetic circuits, it is equivalent to weber/ampere. Inductors have values that typically range from 1 µH (10−6 H) to 20 H. Many inductors have a magnetic core made of iron or ferrite inside the coil, which serves to increase the magnetic field and thus the inductance.&nbsp;<br></div>','<div><div><a href=\"https://en.wikipedia.org/wiki/Inductor\" target=\"_blank\">Inductors</a> are used extensively in analog circuits and signal processing. Applications range from the use of large inductors in power supplies, which in conjunction with filter capacitors remove ripple which is a multiple of the mains frequency (or the switching frequency for switched-mode power supplies) from the direct current output, to the small inductance of the ferrite bead or torus installed around a cable to prevent radio frequency interference from being transmitted down the wire. Inductors are used as the energy storage device in many switched-mode power supplies to produce DC current. The inductor supplies energy to the circuit to keep current flowing during the \"off\" switching periods and enables topographies where the output voltage is higher than the input voltage.</div><div><br></div><div>A tuned circuit, consisting of an inductor connected to a capacitor, acts as a resonator for oscillating current. Tuned circuits are widely used in radio frequency equipment such as radio transmitters and receivers, as narrow bandpass filters to select a single frequency from a composite signal, and in electronic oscillators to generate sinusoidal signals.</div><div><br></div><div>Two (or more) inductors in proximity that have coupled magnetic flux (mutual inductance) form a transformer, which is a fundamental component of every electric utility power grid. The efficiency of a transformer may decrease as the frequency increases due to eddy currents in the core material and skin effect on the windings. The size of the core can be decreased at higher frequencies. For this reason, aircraft use 400 hertz alternating current rather than the usual 50 or 60 hertz, allowing a great saving in weight from the use of smaller transformers.[12] Transformers enable switched-mode power supplies that isolate the output from the input.</div><div><br></div><div>Inductors are also employed in electrical transmission systems, where they are used to limit switching currents and fault currents. In this field, they are more commonly referred to as reactors.</div><div><br></div><div>Inductors have parasitic effects which cause them to depart from ideal behavior. They create and suffer from electromagnetic interference (EMI). Their physical size prevents them from being integrated on semiconductor chips. So the use of inductors is declining in modern electronic devices, particularly compact portable devices. Real inductors are increasingly being replaced by active circuits such as the gyrator which can synthesize inductance using capacitors.</div></div>','snap00444.png','2022-06-23 19:09:14.679000','2022-07-06 14:33:51.112000',_binary '',_binary '\0',6.7,11.55,5,8,12,6,0.1,70,80,0,0),(128,'Condensator electrolitic SD2A105M05011BB159 x 100 buc. SAMWHA','SD2A105M05011BB159','<div>An electrolytic capacitor is a type of capacitor that uses an electrolyte to achieve a larger capacitance than other capacitor types. An electrolyte is a liquid or gel containing a high concentration of ions. Almost all electrolytic capacitors are polarized, which means that the voltage on the positive terminal must always be greater than the voltage on the negative terminal. The benefit of large capacitance in electrolytic capacitors comes with several drawbacks as well. Among these drawbacks are large leakage currents, value tolerances, equivalent series resistance and a limited lifetime. Electrolytic capacitors can be either wet-electrolyte or solid polymer. They are commonly made of tantalum or aluminum, although other materials may be used. Supercapacitors are a special subtype of electrolytic capacitors, also called double-layer electrolytic capacitors, with capacitances of hundreds and thousands of farads.&nbsp;&nbsp;<br></div>','<div><div>Aluminum electrolytic capacitors are made of two aluminum foils and a paper spacer soaked in electrolyte. One of the two aluminum foils is covered with an oxide layer, and that foil acts as the anode, while the uncoated one acts as a cathode. During normal operation, the anode must be at a positive voltage in relation to the cathode, which is why the cathode is most commonly marked with a minus sign along the body of the capacitor. The anode, electrolyte-soaked paper and cathode are stacked. The stack is rolled, placed into a cylindrical enclosure and connected to the circuit using pins. There are two common geometries: axial and radial. Axial capacitors have one pin on each end of the cylinder, while in the radial geometry, both pins are located on the same end of the cylinder.</div><div><img loading=\"lazy\" src=\"https://eepower.com/uploads/education/electrolytic-capacitor-schematic.png\" alt=\"Schematic Electrolytic Capacitor\" width=\"500\" height=\"388\" class=\"aligncenter size-full wp-image-70\" style=\"box-sizing: inherit; border: 0px solid rgb(192, 192, 201); display: block; max-width: 100%; height: auto; margin-left: auto; margin-right: auto;\"></div><div>Electrolytic capacitors have a larger capacitance than most other capacitor types, typically 1µF to 47mF. There is a special type of electrolytic capacitor, called a double-layer capacitor or a supercapacitor, whose capacitance can reach thousands of farads. The capacitance of an aluminum electrolytic capacitor is determined by several factors, such as the plate area and the thickness of the electrolyte. This means that a large capacitance &nbsp;capacitor is bulky and large in size.</div><div>It is worth mentioning that electrolytic capacitors made using old technology didn\'t have a very long shelf life, typically only a few months. If left unused, the oxide layer deteriorates and has to be rebuilt in a process called capacitor reforming. This can be performed by connecting the capacitor to a voltage source through a resistor and slowly increasing the voltage until the oxide layer has been fully rebuilt. Modern electrolytic capacitors have a shelf life of 2 years or more. If the capacitor is left unpolarized for longer periods, they must be reformed prior to use.</div></div>','snap00378.png','2022-06-25 10:33:00.842000','2022-07-05 15:31:32.792000',_binary '',_binary '',2.85,4.15,0,9,9,14,0.1,71,75,0,0),(129,'Condensator polimeric 100SXE6R8M PANASONIC','100SXE6R8M','<div><div>Polymer Ta-e-caps are available in rectangular surface-mounted device (SMD) chip style. Polymer Al-e-caps and hybrid polymer Al-e-caps are available in rectangular surface-mounted device (SMD) chip style, in cylindrical SMDs (V-chips) style or as radial leaded versions (single-ended).</div><div><br></div><div>Polymer electrolytic capacitors are characterized by particularly low internal equivalent series resistances (ESR) and high ripple current ratings. Their electrical parameters have similar temperature dependence, reliability and service life compared to solid tantalum capacitors, but have a much better temperature dependence and a considerably longer service life than aluminium electrolytic capacitors with non-solid electrolytes. In general polymer e-caps have a higher leakage current rating than the other solid or non-solid electrolytic capacitors.</div></div>','<div><div>Rectangular polymer Al-caps have one or more layered aluminium anode foils and a conductive polymer electrolyte. The layered anode foils are at one side contacted with each other, this block is anodically oxidized to achieve the dielectric, and the block is impregnated with the precursors of the polymer to achieve the polymer electrolyte, the counter electrode. Like for polymer tantalum capacitors this polymerized block now is successively dipped into conducting graphite and then silver to provide a good connection to the conducting polymer. This layers achieves the cathode connection of the capacitor. The capacitive cell then generally is molded by a synthetic resin.</div><div><br></div><div>The layered anode foils in the rectangular shaped polymer Al-chip-e-caps are electrically parallel connected single capacitors. Thus, the ESR and ESL values are connected in parallel reducing ESR and ESL correspondingly, and allowing them to operate at higher frequencies.</div><div><br></div><div>These rectangular polymer Al-chip-e-caps are available in the \"D\"-case with dimensions of 7.3x4.3 mm and heights of between 2 and 4 mm. They provide a competitive alternative to Ta-caps.[50][better source needed]</div><div><br></div><div>Comparing mechanical comparable polymer Al-chip-e-caps and polymer Ta-chip-e-caps shows that the different permittivities of aluminium oxide and tantalum pentoxide have little impact on the specific capacity due to different safety margins in oxide layers. Polymer Ta-e-caps use an oxide layer thickness that corresponds to approximately four times the rated voltage, while the polymer Al-e-caps have about twice the rated voltage.</div></div>','snap00379.png','2022-06-25 10:47:26.997000','2022-06-25 10:50:24.713000',_binary '',_binary '',1.12,1.95,5,1,1,1,0.01,7,76,0,0),(130,'Condensator SMD 02016D105KAT2A x 1000 buc. KYOCERA AVX','02016D105KATA','<div><b><font color=\"#0000ff\">GENERAL DESCRIPTION&nbsp;</font></b></div><div><br></div><div>• General Purpose Dielectric for Ceramic Capacitors&nbsp;</div><div>• EIA Class II Dielectric&nbsp;</div><div>• Temperature variation of capacitance is within ±15%\r\nfrom -55°C to +85°C&nbsp;</div><div>• Well suited for decoupling and filtering applications&nbsp;</div><div>• Available in High Capacitance values (up to 100μF)<br></div>','<div><div>The dielectric films, depending on the desired dielectric strength, are drawn in a special process to an extremely thin thickness, and are then provided with electrodes. The electrodes of film capacitors may be metallized aluminum or zinc applied directly to the surface of the plastic film, or a separate metallic foil. Two of these conductive layers are wound into a cylinder shaped winding, usually flattened to reduce mounting space requirements on a printed circuit board, or layered as multiple single layers stacked together, to form a capacitor body. Film capacitors, together with ceramic capacitors and electrolytic capacitors, are the most common capacitor types for use in electronic equipment, and are used in many AC and DC microelectronics and electronics circuits.[1]</div><div><br></div><div>A related component type is the power (film) capacitor. Although the materials and construction techniques used for large power film capacitors are very similar to those used for ordinary film capacitors, capacitors with high to very high power ratings for applications in power systems and electrical installations are often classified separately, for historical reasons. As modern electronic equipment gained the capacity to handle power levels that were previously the exclusive domain of \"electrical power\" components, the distinction between the \"electronic\" and \"electrical\" power ratings has become less distinct. In the past, the boundary between these two families was approximately at a reactive power of 200 volt-amperes, but modern power electronics can handle increasing power levels.</div></div>','snap00383.png','2022-06-25 11:28:48.808000','2022-06-25 11:32:11.172000',_binary '',_binary '',28.5,36.85,5,9,9,9,0.4,72,74,0,0),(131,'Condensator tantal T110B106K020AT KEMET','T110B106K020AT','<div><b><font color=\"#0000ff\">Features</font></b></div><div>•	 Taped and reeled per EIA Specification RS–296&nbsp;</div><div>•	 Marking per MIL–STD–1285</div><div>•	 Qualified to MIL–PRF–39003 (CSR13 Style)&nbsp;</div><div>•	 <b>Failure rate options</b>: Graded – B, C, D, and G\r\nExponential – M, P, R, and S*&nbsp;</div><div>•	 <b>Capacitance value</b>s: 0.0047 μF to 330 μF&nbsp;</div><div>• <b>Tolerances</b>: ±5%, ±10% and ±20%&nbsp;</div><div>•	 <b>Voltage rating</b>: 6 – 125 VDC&nbsp;</div><div>•	 <b>Operating temperature range</b>: −55°C to +125°C<br></div>','<div>The KEMET standard hermetically sealed T110 Series is\r\ntargeted for use in high humidity environments. These\r\ncapacitors are ruggedly built, designed for miniaturized\r\ncircuitry, and are especially well-suited for coupling, bypass,\r\nfiltering and RC timing circuits. The T110 Series exhibits\r\nexcellent stability as well as extremely low DC leakage\r\ncurrent, dissipation factor, and ESR/impedance over a wide\r\ntemperature and frequency range. Available in standard\r\nEIA capacitance values from 0.0047 µF to 330 µF in ±20%,\r\n±10%, and ±5% tolerances, the T110 Series is now offered in\r\nworking voltages of 6 VDC to 125 VDC and low ESR limits.\r\nHigher CV values in comparable case sizes are available in\r\nthe KEMET T410 Series.&nbsp;<br></div>','snap00388.png','2022-06-25 11:43:33.010000','2022-07-05 12:02:48.629000',_binary '',_binary '',8.25,10.5,2,1,1,1,0.01,73,77,4.66667,3),(132,'Condensator super BCE005R5C224FS BIGCAP','BCE005R5C224FS','<div>Unlike ordinary electrolytic capacitor or battery, the material of positive and negative polarity of super capacitor issame,so theoretically super capacitor has no polarity; the polarities marked on super capacitor are established by\r\nmanufacturers in the production process, when the polarities are used reversely in short-term, it won’t cause substantial\r\ndamage on capacitor, and it can be used normally after adjusting to the right polarities. But if reversely use for a longtime, the life of super capacitor will decay quickly<br></div>','<div>In the process of charging and discharging, super capacitor’s IR drop caused by inner resistance will leads to loseof\r\nefficiency of capacitor charging and discharging, so the size of capacitor determines the quality of capacitor to some extent;\r\ndue to the internal resistance of the super capacitor is higher than normal capacitors, so in the process of charge anddischargeby AC circuit or high frequency circuit, super capacitor will become heating, and this cause life decay quickly, that’s why super capacitor only commonly used in DC circuit.&nbsp;</div><div><br></div><div>Compared with ordinary capacitor, super capacitor has greater time constant τ , so the charge and discharge time is longer; also because of this,it is not suitable for working with continuous large current frequently as it can cause performancedecay rapidly. The frequency characteristic of super capacitor is: the response time of positive and negative ions incarbonelectrode pore is longer, so the capacity appears very small. It is not allowed to measure super capacitor by using equipment\r\nfor testing common capacitors and AC measuring methods, it should be measured by methods for measuring batteryfor mAh.<br></div>','snap00392.png','2022-06-25 11:53:41.721000','2022-06-25 11:55:39.327000',_binary '',_binary '',1.85,2.45,0,1,1,1,0.01,74,78,5,1),(133,'Oscilator quartz LF XTAL003033 IQD','LF-XTAL003033','<div>Industry standard leaded package&nbsp;</div><div>Resistance welded, hermetically sealed in an inert atmosphere,\r\nglass to metal seals on leads&nbsp;</div><div>Standard 2 leg&nbsp;</div><div>HC49 package&nbsp;</div><div>Model HC49&nbsp;</div><div>Model Issue number 15&nbsp;<br></div>','<div><span style=\"font-size: 1rem;\">Frequency Stability ±50.00ppm&nbsp;</span><br></div><div>Operating Temperature Range -10.00 to 60.00°C&nbsp;</div><div>Overtone Order Fundamental&nbsp;</div><div>Ageing ±3ppm typical per year<br></div><div>Shunt Capacitance 7pF max&nbsp;</div><div>Drive Level 1mW max&nbsp;</div><div>ESR 800.00Ω max&nbsp;<br></div>','snap00399.png','2022-06-27 19:42:19.392000','2022-06-27 19:42:19.392000',_binary '',_binary '',1.87,2.75,0,1,1,1,0.01,75,79,0,0),(134,'Rezistor AR02BTCY1000 x 100 buc. VIKING','AR02BTCY1000','<font color=\"#0000ff\"><b>Features</b></font><div><br></div><div>AEC-Q200 Compliance</div><div>Advanced thin film technology</div><div>RoHS compliant</div><div>Special materials, design, and processing</div><div>Test proven immunity to moisture and sulphur</div><div><br></div><div><br></div>','<div><b><font color=\"#ff0000\">Applications:</font></b></div><div><br></div><div><ul><li>Automotive</li><li>Medical equipment</li><li>Testing / measuring equipment</li><li>Printer equipment</li><li>Automatic equipment controller</li><li>Converters</li><li>Communication device, Cell Phone, GPS</li></ul></div>','snap00402.png','2022-06-27 19:47:46.292000','2022-06-27 19:54:16.375000',_binary '',_binary '',3.48,5.12,5,5,6,5,0.1,76,69,4,1),(135,'Rezistor CFR0S2J0104A10 x 100 buc. ROYAL OHM','CFR0S2J0104A10','<div><b><font color=\"#0000ff\">Features</font></b></div><div><b><font color=\"#0000ff\"><br></font></b></div><div><ul><li>Automatically insertable</li><li>High quality performance</li><li>Non-Flame type available</li><li>Cost effective and commonly used</li><li>Too low or too high values can be supplied on case to case basis</li></ul></div>','<div><div>A resistor is a passive two-terminal electrical component that implements electrical resistance as a circuit element. In electronic circuits, resistors are used to reduce current flow, adjust signal levels, to divide voltages, bias active elements, and terminate transmission lines, among other uses. High-power resistors that can dissipate many watts of electrical power as heat may be used as part of motor controls, in power distribution systems, or as test loads for generators. Fixed resistors have resistances that only change slightly with temperature, time or operating voltage. Variable resistors can be used to adjust circuit elements (such as a volume control or a lamp dimmer), or as sensing devices for heat, light, humidity, force, or chemical activity.</div><div><br></div><div>Resistors are common elements of electrical networks and electronic circuits and are ubiquitous in electronic equipment. Practical resistors as discrete components can be composed of various compounds and forms. Resistors are also implemented within integrated circuits.</div><div><br></div><div>The electrical function of a resistor is specified by its resistance: common commercial resistors are manufactured over a range of more than nine orders of magnitude. The nominal value of the resistance falls within the manufacturing tolerance, indicated on the component.</div></div>','snap00409.png','2022-06-27 19:58:17.771000','2022-06-27 20:03:12.229000',_binary '',_binary '',4.1,5.85,0,3,5,5,0.1,77,70,0,0),(136,'Termistor B57153S0100M000 TDK','B57153S0100M000','<div><b><font color=\"#0000ff\">Applications&nbsp;</font></b></div><div>Inrush current limiting, e.g. in switch-mode power\r\nsupplies, soft-start motors&nbsp;<br></div>','<div><b><font color=\"#ff0000\">Features&nbsp;</font></b></div><div>Leaded and coated NTC thermistors&nbsp;</div><div>Tinned copper wire, kinked&nbsp;</div><div>Coating material flame retardant to UL 94 V-0&nbsp;</div><div>Component marking includes the manufacturer\'s\r\nlogo, resistance value and date code&nbsp;</div><div>Highly stable electrical characteristics&nbsp;</div><div><font color=\"#ff0000\"><br></font></div><div><b><font color=\"#ff0000\">Approvals&nbsp;</font></b></div><div>UL 1434 (file number E69802)&nbsp;</div><div>IEC (certificate number 101QA12)&nbsp;</div><div>VDE (certificate number 40038223)&nbsp;</div><div>CQC (0900104539)&nbsp;<br></div>','snap00415.png','2022-06-27 20:08:10.961000','2022-06-27 20:10:19.069000',_binary '',_binary '',1.2,1.85,0,1,1,1,0.01,78,71,5,1),(137,'Potențiometru 14910F0GJSX10101KA VISHAY','14910F0GJSX10101KA','<div><b><font color=\"#0000ff\">FEATURES&nbsp;</font></b></div><div>• Robust construction&nbsp;</div><div>• High rotational life (50 000 cycles)&nbsp;</div><div>• Up to three sections PC support plates&nbsp;</div><div>• Rotary switches and solder lugs terminals available&nbsp;</div><div>• Tests according to CECC 41000 or IEC 60393-1&nbsp;</div><div>• Material categorization: for definitions of compliance\r\nplease see <a href=\"www.vishay.com/doc?99912\" target=\"_blank\">www.vishay.com/doc?99912</a>&nbsp;<br></div>','<div><div>A potentiometer is a three-terminal resistor with a sliding or rotating contact that forms an adjustable voltage divider.[1] If only two terminals are used, one end and the wiper, it acts as a variable resistor or rheostat.</div><div><br></div><div>The measuring instrument called a potentiometer is essentially a voltage divider used for measuring electric potential (voltage); the component is an implementation of the same principle, hence its name.</div><div><br></div><div>Potentiometers are commonly used to control electrical devices such as volume controls on audio equipment. Potentiometers operated by a mechanism can be used as position transducers, for example, in a joystick. Potentiometers are rarely used to directly control significant power (more than a watt), since the power dissipated in the potentiometer would be comparable to the power in the controlled load.</div></div>','snap00417.png','2022-06-27 20:13:39.617000','2022-06-27 20:17:27.216000',_binary '',_binary '',12.4,16.55,5,1,1,1,0.01,79,72,0,0);
/*!40000 ALTER TABLE `products` ENABLE KEYS */;
UNLOCK TABLES;


LOCK TABLES `review_votes` WRITE;
/*!40000 ALTER TABLE `review_votes` DISABLE KEYS */;
INSERT INTO `review_votes` VALUES (14,1,39,59),(17,1,5,68),(19,1,10,68),(20,1,14,68),(21,1,40,69),(22,1,17,69),(23,1,34,70),(24,1,5,70),(26,1,39,69);
/*!40000 ALTER TABLE `review_votes` ENABLE KEYS */;
UNLOCK TABLES;


LOCK TABLES `reviews` WRITE;
/*!40000 ALTER TABLE `reviews` DISABLE KEYS */;
INSERT INTO `reviews` VALUES (59,'Cardul are o capacitate mare (512 GB) și viteza de transfer a datelor este excelentă','Card încăpător',4,'2022-06-01 20:18:32.148000',9,53,1),(60,'A funcționat conform specificațiilor.','Produsul a fost perfect',5,'2022-06-28 20:10:31.571000',39,126,0),(61,'Produsul este bun dar am avut dificultăți la montare pe placa de circuite.','Produsul este bun',4,'2022-06-29 12:37:22.272000',1,134,0),(62,'Lorem ipsum dolor sit amet, consectetur adipiscing elit, sed do eiusmod tempor incididunt ut labore et dolore magna aliqua. Ut enim ad minim veniam, quis nostrud exercitation ullamco laboris nisi ut aliquip ex ea commodo consequat.','Supercondensator cu capacitanță mare',5,'2022-07-01 22:35:11.853000',1,132,0),(63,'Et harum quidem rerum facilis est et expedita distinctio. Nam libero tempore, cum soluta nobis est eligendi optio cumque nihil impedit quo minus id quod maxime placeat facere possimus, omnis voluptas assumenda est.','Caracteristici foarte bine documentate',5,'2022-07-02 19:43:50.957000',34,110,0),(64,'Et harum quidem rerum facilis est et expedita distinctio. Nam libero tempore, cum soluta nobis est eligendi optio cumque nihil impedit quo minus id quod maxime placeat facere possimus, omnis voluptas assumenda est.','Nu a funcționat conform specificațiilor',3,'2022-07-02 19:44:24.018000',1,107,0),(65,'Temporibus autem quibusdam et aut officiis debitis aut rerum necessitatibus saepe eveniet ut et voluptates repudiandae sint et molestiae non recusandae.','Produsul a fost destul de rapid',4,'2022-07-02 19:50:35.059000',39,52,0),(66,'Vestibulum nisl sem, mattis at sem ac, elementum rutrum odio. Vivamus tristique lobortis commodo. Ut non malesuada nisl. Praesent dignissim felis in molestie volutpat. Pellentesque eros lectus, facilisis eget auctor eu, lacinia a dolor.','Foarte util și ușor de folosit',5,'2022-07-04 17:55:22.006000',39,111,0),(67,'Curabitur eget lacinia risus, eu lobortis nisl. Nam at tempor nulla, ut aliquet urna. Suspendisse viverra velit vel lectus consectetur, et rutrum nibh ullamcorper.','Conform specificațiilor',5,'2022-07-04 17:56:02.241000',39,136,0),(68,'Produsul este excelent, dar este cam scump. De aceea am oferit 4 stele.','Un condensator bine documentat, dar cam scump',4,'2022-05-04 17:57:54.706000',39,131,3),(69,'Condensatorul tantal produs de Kemet.','Conform specificațiilor. Îl recomand.',5,'2022-06-11 16:58:48.706000',10,131,3),(70,'A corespuns întocmai așteptărilor.','Perfect pentru aplicația mea.',5,'2022-05-18 14:40:49.706000',3,131,2);
/*!40000 ALTER TABLE `reviews` ENABLE KEYS */;
UNLOCK TABLES;


LOCK TABLES `roles` WRITE;
/*!40000 ALTER TABLE `roles` DISABLE KEYS */;
INSERT INTO `roles` VALUES (1,'acces complet','Admin'),(2,'gestionează prețul produselor, clienți, livrări, comenzi și rapoarte vânzări','Sales'),(3,'gestionează categorii, mărci, produse','Editor'),(4,'vizualizează produse, comenzi și actualizează starea comenzilor','Shipper'),(5,'gestionează recenziile clienților','Assistant');
/*!40000 ALTER TABLE `roles` ENABLE KEYS */;
UNLOCK TABLES;


LOCK TABLES `settings` WRITE;
/*!40000 ALTER TABLE `settings` DISABLE KEYS */;
INSERT INTO `settings` VALUES ('COPYRIGHT','(c) 2022 Circuit E-Store','GENERAL'),('CURRENCY_ID','2','CURRENCY'),('CURRENCY_SYMBOL','€','CURRENCY'),('CURRENCY_SYMBOL_POSITION','After price','CURRENCY'),('CUSTOMER_VERIFY_CONTENT','<div style=\"text-align: left;\"><span style=\"font-size: 1rem;\"><br></span></div><div style=\"text-align: left;\"><span style=\"font-size: 1rem;\">Dragă client,</span></div><div style=\"text-align: left;\"><span style=\"font-size: 1rem;\"><br></span></div><div style=\"text-align: left;\"><span style=\"font-size: 1rem;\"><br></span></div><div><i>Te rog accesează link-ul de mai jos pentru verificarea adresei email:</i></div><div><i><br></i></div>&nbsp; &nbsp; &nbsp; &nbsp; &nbsp; &nbsp; &nbsp; &nbsp; &nbsp; &nbsp; &nbsp; &nbsp; &nbsp; &nbsp; &nbsp; &nbsp; &nbsp; &nbsp; &nbsp; &nbsp;<a href=\"[[URL]]\" target=\"_blank\">LINK DE VERIFICARE</a><div><b><font color=\"#f79646\" face=\"Helvetica\"></font></b></div><div><br></div><div><br></div><div>Mulțumim,</div><div><b>Echipa magazinului Circuit.</b></div>','MAIL_TEMPLATES'),('CUSTOMER_VERIFY_SUBJECT','Vă rugăm să vă confirmați înregistrarea pentru activarea contului de utilizator','MAIL_TEMPLATES'),('DECIMAL_DIGITS','2','CURRENCY'),('DECIMAL_POINT_TYPE','COMMA','CURRENCY'),('MAIL_FROM','circuit.ecom@gmail.com','MAIL_SERVER'),('MAIL_HOST','127.0.0.1','MAIL_SERVER'),('MAIL_PASSWORD','abcd','MAIL_SERVER'),('MAIL_PORT','1025','MAIL_SERVER'),('MAIL_SENDER_NAME','Echipa Circuit','MAIL_SERVER'),('MAIL_USERNAME','circuit.ecom@gmail.com','MAIL_SERVER'),('OPTIONAL','Pentru a utiliza serverul SMTP Gmail și a trimite emailuri la o adresa reală, pentru MAIL_HOST folosește smtp.gmail.com și ambele SMTP_AUTH & SMTP_SECURED trebuie setate pe true. Această implementare folosește Mailhog ca dummy email server. Creare container MailHog: docker run -itd --name mail -p 1025:1025 -p 8025:8025 mailhog/mailhog. Aplicația MailHog poate fi accesată de la: localhost:8025','REGARDING_MAIL'),('ORDER_CONFIRMATION_CONTENT','<b>Dragă [[name]]</b>,&nbsp;<div><br></div><div>Am trimis acest email pentru a confirma că ai plasat o comandă pe site-ul nostru. Te rog să verifici următoarele informații:</div><div><br></div><div>- ID comandă: [[orderId]]</div><div>- Data comenzii: [[orderTime]]</div><div>- Livrare la: [[shippingAddress]]</div><div>- Total: [[total]]</div><div>- Metoda de plată: [[paymentMethod]]</div><div><br></div><div>Comanda este în procesare.</div><div><br></div><div>Îți mulțumim că ai făcut cumpărături în magazinul nostru,</div><div>Echipa magazinului Circuit.</div>','MAIL_TEMPLATES'),('ORDER_CONFIRMATION_SUBJECT','Confimarea comenzii cu ID #[[orderId]]','MAIL_TEMPLATES'),('PAYPAL_API_BASE_URL','https://api-m.sandbox.paypal.com','PAYMENT'),('PAYPAL_API_CLIENT_ID','insert-your-own','PAYMENT'),('PAYPAL_API_CLIENT_SECRET','insert-your-own','PAYMENT'),('SITE_LOGO','site-logo/circuitbrain.png','GENERAL'),('SITE_NAME','Circuit','GENERAL'),('SMTP_AUTH','false','MAIL_SERVER'),('SMTP_SECURED','false','MAIL_SERVER'),('THOUSANDS_POINT_TYPE','WHITESPACE','CURRENCY');
/*!40000 ALTER TABLE `settings` ENABLE KEYS */;
UNLOCK TABLES;


LOCK TABLES `shipping_rates` WRITE;
/*!40000 ALTER TABLE `shipping_rates` DISABLE KEYS */;
INSERT INTO `shipping_rates` VALUES (33,101,'Hajdú-Bihar',52,5,_binary ''),(34,180,'Masovia',62.5,7,_binary ''),(35,190,'Cluj',28.4,2,_binary ''),(36,190,'Brăila',27.5,2,_binary ''),(37,190,'Bucharest',26,2,_binary ''),(38,101,'Veszprém',51,5,_binary ''),(39,180,'Lublin',60.2,7,_binary ''),(40,140,'Chișinău',44.5,5,_binary '\0'),(41,101,'Budapest',48.8,5,_binary ''),(42,190,'Teleorman',27.2,2,_binary ''),(43,190,'Brașov',27.8,2,_binary ''),(44,23,'Veliko Tarnovo',45.2,3,_binary ''),(45,180,'Lesser Poland',60.5,7,_binary ''),(46,190,'Olt',27.5,2,_binary ''),(47,190,'Suceava',27.9,2,_binary ''),(48,23,'Sofia',47,3,_binary ''),(49,190,'Arad',27.8,3,_binary ''),(50,23,'Ruse',46,2,_binary '');
/*!40000 ALTER TABLE `shipping_rates` ENABLE KEYS */;
UNLOCK TABLES;

LOCK TABLES `states` WRITE;
/*!40000 ALTER TABLE `states` DISABLE KEYS */;
INSERT INTO `states` VALUES (1,'Ha Noi',242),(2,'Da Nang',242),(3,'Tamil Nadu',234),(4,'California',234),(5,'Ho Chi Minh City',242),(6,'Hai Phong',242),(7,'Bac Giang',242),(8,'Son La',242),(9,'Quang Ninh',242),(10,'Nghe An',242),(12,'Utah',234),(13,'Washington',234),(14,'Florida',234),(15,'Illinois',234),(16,'Texas',234),(18,'Colorado',234),(19,'Alaska',234),(20,'Can Tho',242),(22,'Binh Duong',242),(23,'Thanh Hoa',242),(24,'Andhra Pradesh',106),(25,'Arunachal Pradesh',106),(26,'Assam',106),(27,'Bihar',106),(28,'Haryana',106),(29,'Himacha Pradesh',106),(30,'Karnataka',106),(31,'Maharashtra',106),(32,'Meghalaya',106),(33,'Punjab',106),(34,'Tamil Nadu',106),(35,'Telangana',106),(36,'Uttar Pradesh',106),(37,'West Bengal',106),(38,'Bac Ninh',242),(40,'Ha Tinh',242),(41,'Hue',242),(42,'Binh Dinh',242),(43,'An Giang',242),(44,'Blackpool',78),(45,'London',78),(46,'Liverpool',78),(47,'Manchester',78),(48,'Newcastle',78),(49,'Bristol',78),(50,'Cambridge',78),(51,'Lang Son',242),(52,'Delhi',106),(53,'Hawaii',234),(54,'Georgia',234),(55,'Pennsylvania',234),(56,'Virginia',234),(57,'Arizona',234),(59,'Kerala',106),(60,'Rajasthan',106),(61,'Odisha',106),(62,'Mizoram',106),(63,'Sikkim',106),(64,'Manipur',106),(65,'Nagaland',106),(66,'Tripura',106),(67,'Jharkhand',106),(68,'Uttarakhand',106),(69,'Goa',106),(70,'Madhya Pradesh',106),(71,'Gujarat',106),(72,'Massachusetts',234),(73,'Indiana',234),(74,'Michigan',234),(75,'Ohio',234),(76,'New Jersey',234),(77,'Minnesota',234),(78,'North Carolina',234),(79,'Oregon',234),(80,'Maryland',234),(81,'Tennessee',234),(82,'Montana',234),(83,'Maine',234),(84,'Alabama',234),(85,'Wisconsin',234),(86,'Louisiana',234),(87,'Connecticut',234),(88,'Missouri',234),(89,'South Carolina',234),(90,'Mississippi',234),(91,'New Mexico',234),(92,'Nevada',234),(93,'Kentucky',234),(94,'Arkansas',234),(95,'Wyoming',234),(96,'Kansas',234),(97,'Delaware',234),(98,'Iowa',234),(99,'Idaho',234),(100,'Nebraska',234),(101,'Rhode Island',234),(102,'Vermont',234),(103,'South Dakota',234),(104,'New Hamsphire',234),(105,'West Virginia',234),(106,'North Dakota',234),(107,'Oklahoma',234),(109,'Nam Dinh',242),(110,'Khanh Hoa',242),(112,'Tay Ninh',242),(113,'Kien Giang',242),(114,'Lai Chau',242),(115,'Lao Cai',242),(116,'Ha Giang',242),(117,'Hoa Binh',242),(118,'Thai Binh',242),(119,'Dong Nai',242),(120,'Soc Trang',242),(121,'Bac Lieu',242),(123,'Ca Mau',242),(124,'Quang Binh',242),(125,'Quang Tri',242),(126,'Quang Nam',242),(127,'Quang Ngai',242),(128,'Gia Lai',242),(129,'Vinh Phuc',242),(130,'Lam Dong',242),(131,'Dak Lak',242),(132,'Phu Yen',242),(133,'Binh Phuoc',242),(134,'Dak Nong',242),(135,'Dong Thap',242),(136,'Hau Giang',242),(137,'Ba Ria Vung Tau',242),(138,'Binh Thuan',242),(139,'Hai Duong',242),(140,'Hung Yen',242),(141,'Thai Nguyen',242),(142,'Long An',242),(143,'Ben Tre',242),(144,'Bac Kan',242),(145,'Ninh Binh',242),(146,'Kon Tum',242),(147,'Tra Vinh',242),(148,'Yen Bai',242),(149,'Tuyen Quang',242),(150,'Phu Tho',242),(151,'Vinh Long',242),(152,'New South Wales',14),(153,'Queensland',14),(154,'Tasmania',14),(156,'Victoria',14),(157,'South Australia',14),(158,'Ontario',39),(159,'Quebec',39),(160,'Nova Scotia',39),(161,'New Brunswick',39),(162,'Manitoba',39),(163,'British Columbia',39),(164,'Prince Edward Island',39),(165,'Saskatchewan',39),(166,'Alberta',39),(167,'Newfoundland and Labrador',39),(168,'Grand Est',76),(169,'Hauts-de-France',76),(170,'Normandy',76),(171,'Nouvelle-Aquitaine',76),(172,'Occitanie',76),(173,'Brittany',76),(174,'Centre-Val de Loire',76),(175,'Corsica',76),(176,'French Guiana',76),(177,'Guadeloupe',76),(178,'Île-de-France',76),(179,'Martinique',76),(180,'Mayotte',76),(181,'Pays de la Loire',76),(182,'Provence-Alpes-Côte d\'Azur',76),(183,'Réunion',76),(184,'Aichi',115),(185,'Akita',115),(186,'Chiba',115),(187,'Ehime',115),(188,'Fukui',115),(189,'Fukuoka',115),(190,'Fukushima',115),(191,'Gunma',115),(192,'Kobe',115),(193,'Hiroshima',115),(194,'Hokkaido',115),(195,'Ishikawa',115),(196,'Kagawa',115),(197,'Kochi',115),(198,'Kyoto',115),(199,'Nagasaki',115),(200,'Okinawa',115),(201,'Osaka',115),(202,'Saga',115),(203,'Tokushima',115),(204,'Tokyo',115),(205,'Yamagata',115),(206,'Yamaguchi',115),(207,'Yamanashi',115),(208,'Greater Poland',180),(209,'Kuyavia-Pomerania',180),(210,'Lesser Poland',180),(211,'Łódź',180),(212,'Lower Silesia',180),(213,'Lublin',180),(214,'Lubusz',180),(215,'Masovia',180),(216,'Opole',180),(217,'Podlaskie',180),(218,'Pomerania',180),(219,'Silesia',180),(220,'Subcarpathia',180),(221,'Holy Cross Province',180),(222,'Warmia-Masuria',180),(223,'West Pomerania',180),(224,'Baden-Württemberg',58),(225,'Bavaria',58),(226,'Berlin',58),(227,'Brandenburg',58),(228,'Bremen',58),(229,'Hamburg',58),(230,'Hesse',58),(231,'Lower Saxony',58),(232,'Mecklenburg-Vorpommern',58),(233,'North Rhine- Westphalia',58),(234,'Rhineland-Palatinate',58),(235,'Saarland',58),(236,'Saxony',58),(237,'Saxony-Anhalt',58),(238,'Schleswig-Holstein',58),(239,'Thuringia',58),(240,'Acre',32),(241,'Alagoas',32),(242,'Amapá',32),(243,'Amazonas',32),(244,'Bahia',32),(245,'Ceará',32),(246,'Distrito Federal',32),(247,'Espírito Santo',32),(248,'Goiás',32),(249,'Maranhão',32),(250,'Mato Grosso',32),(251,'Minas Gerais',32),(252,'Pará',32),(253,'Paraíba',32),(254,'Paraná',32),(255,'Pernambuco',32),(256,'Piauí',32),(257,'Rio de Janeiro',32),(258,'Rio Grande do Norte',32),(259,'Rio Grande do Sul',32),(260,'Rondônia',32),(261,'Roraima',32),(262,'Santa Catarina',32),(263,'São Paulo',32),(264,'Sergipe',32),(265,'Tocantins',32),(266,'Adana',226),(267,'Adıyaman',226),(268,'Ankara',226),(269,'Balıkesir',226),(270,'Bilecik',226),(271,'Bingöl',226),(272,'Bursa',226),(273,'Çanakkale',226),(274,'Çankırı',226),(275,'Çorum',226),(276,'Denizli',226),(277,'Diyarbakır',226),(278,'Edirne',226),(279,'Erzurum',226),(280,'Gaziantep',226),(281,'Giresun',226),(282,'Hakkâri',226),(283,'Hatay',226),(284,'Isparta',226),(285,'Istanbul',226),(286,'Konya',226),(287,'Malatya',226),(288,'Manisa',226),(289,'Iğdır',226),(290,'Karaman',226),(291,'Osmaniye',226),(292,'Tokat',226),(293,'Sivas',226),(294,'Sinop',226),(295,'Siirt',226),(296,'Batman',226),(297,'Kilis',226),(298,'Rize',226),(299,'Ordu',226),(300,'Tunceli',226),(301,'Yozgat',226),(302,'Van',226),(303,'Bayburt',226),(304,'Yalova',226),(305,'Samsun',226),(306,'Sakarya',226),(307,'Western Australia',14),(309,'Giurgiu',190),(310,'Galați',190),(311,'Constanța',190),(312,'Ialomița',190),(313,'Brașov',190),(314,'Tulcea',190),(315,'Prahova',190),(316,'Ilfov',190),(317,'Dâmbovița',190),(318,'Iași',190),(319,'Cluj',190),(320,'Caraș-Severin',190),(321,'Dolj',190),(322,'Bistrița-Năsăud',190),(323,'Vaslui',190),(324,'Botoșani',190),(325,'Bihor',190),(326,'Sălaj',190),(327,'Mureș',190),(328,'Harghita',190),(329,'Covasna',190),(332,'Bucharest',190),(333,'Borsod-Abaúj-Zemplén',101),(334,'Heves',101),(335,'Nógrád',101),(336,'Hajdú-Bihar',101),(338,'Jász-Nagykun-Szolnok',101),(339,'Szabolcs-Szatmár-Bereg',101),(340,'Bács-Kiskun',101),(341,'Békés',101),(342,'Csongrád-Csanád',101),(343,'Budapest',101),(344,'Komárom-Esztergom',101),(345,'Fejér',101),(346,'Veszprém',101),(347,'Győr-Moson-Sopron',101),(348,'Vas',101),(349,'Zala',101),(350,'Baranya',101),(351,'Somogy',101),(352,'Tolna',101),(353,'Northern Hungary',101),(354,'Northern Great Plain',101),(355,'Southern Great Plain',101),(356,'Central Hungary',101),(357,'Central Transdanubia',101),(358,'Western Transdanubia',101),(359,'Southern Transdanubia',101),(360,'Blagoevgrad',23),(361,'Burgas',23),(362,'Dobrich',23),(363,'Gabrovo',23),(364,'Haskovo',23),(365,'Kardzhali',23),(366,'Kyustendil',23),(367,'Lovech',23),(368,'Montana',23),(369,'Pazardzhik',23),(370,'Pernik',23),(371,'Pleven',23),(372,'Plovdiv',23),(373,'Razgrad',23),(374,'Ruse',23),(375,'Shumen',23),(376,'Silistra',23),(377,'Sliven',23),(378,'Smolyan',23),(379,'Sofia City',23),(380,'Sofia',23),(381,'Stara Zagora',23),(382,'Targovishte',23),(383,'Varna',23),(384,'Veliko Tarnovo',23),(385,'Vidin',23),(386,'Vratsa',23),(387,'Yambol',23),(388,'Bacău',190),(389,'Neamț',190),(390,'Brăila',190),(391,'Buzău',190),(392,'Vrancea',190),(393,'Argeș',190),(394,'Călărași',190),(396,'Teleorman',190),(398,'Gorj',190),(399,'Mehedinți',190),(400,'Olt',190),(401,'Vâlcea',190),(402,'Arad',190),(403,'Hunedoara',190),(404,'Timiș',190),(405,'Maramureș',190),(406,'Satu-Mare',190),(407,'Alba',190),(408,'Sibiu',190),(409,'Bălți',140),(410,'Cahul',140),(411,'Briceni',140),(412,'Dondușeni',140),(413,'Drochia',140),(414,'Edineț',140),(415,'Fălești',140),(416,'Florești',140),(417,'Glodeni',140),(418,'Ocnița',140),(419,'Rîșcani',140),(420,'Sîngerei',140),(421,'Soroca',140),(422,'Chișinău',140),(423,'Anenii Noi',140),(424,'Călărași',140),(425,'Criuleni',140),(426,'Dubăsari',140),(427,'Hîncești',140),(428,'Orhei',140),(429,'Tighina',140),(430,'Ungheni',140),(431,'Cahul',140),(432,'Cantemir',140),(433,'Leova',140),(434,'Taraclia',140),(435,'Suceava',190);
/*!40000 ALTER TABLE `states` ENABLE KEYS */;
UNLOCK TABLES;


LOCK TABLES `users` WRITE;
/*!40000 ALTER TABLE `users` DISABLE KEYS */;
INSERT INTO `users` VALUES (1,'costin.chelu@circuit.ro',_binary '','Costin','Chelu','$2a$10$k442vuhdZ9NZ/eYrYl.IgeXswbEdRajczpMBImpf5oHH0CdVpTdoG','Costin.png'),(2,'ana.moldovan@circuit.ro',_binary '','Ana','Moldovan','$2a$10$rcjUUolUxRfPe7V1DFICZulqu9sM/prDvmIvPrKUoro58vUR78XOe','453543.png'),(3,'daniel.rotaru@circuit.ro',_binary '','Daniel','Rotaru','$2a$10$B6BpR4Xz3RaKFe05/yL8j.koGuOhzVHtsXtQROKPGIMGKdFPqi8U6','452hsdfg.png'),(4,'mihaela.visan@circuit.ro',_binary '','Mihaela','Vișan','$2a$10$GOQg5ImN7tfWz28jSy67cuzxV1EM3ZVyEZl3Qby9x4G3pDt.SLeXm','m565.png'),(5,'radu.georgescu@circuit.ro',_binary '','Radu','Georgescu','$2a$10$GqnxQhL5RI/8BG9BsmtH5u0Egt.jJ3TaVkuANMyT3JmN5nxClyfoO','vfda34tygbdg.png'),(6,'cezar.costache@circuit.ro',_binary '','Cezar','Costache','$2a$10$l./sGGDFMATsKY860AAaAO0KZfuzM4vQhP2Bot.rFAgeTgpQHZ5wa','43tgerg.png'),(7,'laurentiu.gheorghiu@circuit.ro',_binary '','Laurențiu','Gheorghiu','$2a$10$rrrppG2WJSwjW2oCLJj6J.VxDVC8EOhCSiUL1ZehX6I8aN6CUkC5G','4312432g.png'),(8,'grigore.banescu@circuit.ro',_binary '','Grigore','Bănescu','$2a$10$zxPVKArmPSadQUe741f65uRXXlK/dEAFACNuE908AGoNGECZqazGm','524grr.png'),(9,'gabriela.tatarescu@circuit.ro',_binary '','Gabriela','Tătărescu','$2a$10$16HaigS8ZZuQoareUbvKIuLTUPC3ko/p6KZ6hO/EkBkG5Q.AP2c.a','52ytwhbrw.png'),(10,'alin.lupu@circuit.ro',_binary '','Alin','Lupu','$2a$10$0zPTp69iIymM4EIsEqPKg.EF0xXJDxkfTaFinefRCk3x76zoRYELi','4ytgq35.png'),(11,'magda.vasile@circuit.ro',_binary '','Magda','Vasile','$2a$10$/I9m3sTSvI3i2TcGdQAfbeBOtGxTYai3V9k1SGQWpAD9hEmyya21i','htern4.png'),(12,'adriana.mihalache@circuit.ro',_binary '','Adriana','Mihalache','$2a$10$8LIjDTBbuJJGYXZ2AyTxK.FATDvcS3BwVvKsIydMIt72QZEGV2LIS','4y3regs.png'),(13,'tiberiu.ardelean@circuit.ro',_binary '','Tiberiu','Ardelean','$2a$10$EPW4RsLx9ixPBNJdB7MRweN6/RP7sk0eEmRD8AxueoPYwKbWlnO5W','beh54.png'),(14,'iulian.axinte@circuit.ro',_binary '','Iulian','Axinte','$2a$10$g5layBbkrj80.VXEJ1mYDuXZ8qiLvjfreiDbGEU8oLWd2mW8J5Z6O','4312432.png'),(15,'rares.ungureanu@circuit.ro',_binary '','Rareș','Ungureanu','$2a$10$lSK.3Gp/8mEg27mIzuFLvOd2DmEkexfVSNLaDhPGfEcH4QcVIiQ6e','y565j56n5TT.png'),(16,'codruta.argentoianu@circuit.ro',_binary '','Codruța','Agentoianu','$2a$10$fHZoazIRgEfG4m78O8GCBu3HO7MKu60fzzQmyxUhR.6fZPJtHTM3i','bsdgnbstga.png'),(17,'sorina.baboiescu@circuit.ro',_binary '','Sorina','Baboiescu','$2a$10$SNv/mWkq9CYE336RdL5dtuaaICuJcs3EPuCvbmGR.j3hgjaVmsuaa','fgeg43e.png'),(18,'liviu.morariu@circuit.ro',_binary '','Liviu','Morariu','$2a$10$LMKBpBsHV/lPY9UpJeX17O18Ql4pNEiXaVzHWe6PpGKqqF1Rb6hFa','greg423TT.png'),(19,'delia.cornea@circuit.ro',_binary '','Delia','Cornea','$2a$10$qpbLdbriAwi8pgBnSi.TR.9OsJC8tZ92vhdkwLW51lsuTG.Y6Uw9i','rgegeagh24TT.png'),(20,'cristian.cosma@circuit.ro',_binary '','Cristian','Cosma','$2a$10$at0FiqcSZZ/LoUPQtQedUuikteMGINBi5G00F5kDfh8H6n6yQ/vjC','43tgsdfvdfb.png'),(21,'dan.suciu@circuit.ro',_binary '','Dan','Suciu','$2a$10$JyDRBar4D3ubwI6I6Kw0Muy6KqfDjhtJvWoa0OkCwJi3BAGtF2bey','356tj456.png'),(22,'petru.ghenea@circuit.ro',_binary '','Petru','Ghenea','$2a$10$rm4yTgF3xRdhjOEMqKfdHO77TgMTJ/DkDt0.6del46AzPNoqWh3fq','gregr5ehTT.png'),(23,'lavinia.nica@circuit.ro',_binary '','Lavinia','Nica','$2a$10$nBijrb2I30PD.cCxafxdAeYgqyaqRLt/RgjC3QY46ho97wFsPGqc2','kuyl76.png');
/*!40000 ALTER TABLE `users` ENABLE KEYS */;
UNLOCK TABLES;


LOCK TABLES `users_roles` WRITE;
/*!40000 ALTER TABLE `users_roles` DISABLE KEYS */;
INSERT INTO `users_roles` VALUES (1,1),(2,2),(3,2),(9,2),(10,2),(11,2),(12,2),(13,2),(19,2),(20,2),(3,3),(4,3),(5,3),(6,3),(7,3),(8,3),(11,3),(15,3),(18,3),(20,3),(2,4),(14,4),(15,4),(16,4),(17,4),(18,4),(4,5),(5,5),(10,5),(14,5),(19,5),(20,5),(21,5),(22,5),(23,5);
/*!40000 ALTER TABLE `users_roles` ENABLE KEYS */;
UNLOCK TABLES;



-- FOREIGN KEYS

ALTER TABLE addresses
ADD CONSTRAINT FKhrpf5e8dwasvdc5cticysrt2k
FOREIGN KEY (customer_id) REFERENCES customers (id);

ALTER TABLE addresses
ADD CONSTRAINT FKn3sth7s3kur1rafwbbrqqnswt
FOREIGN KEY (country_id) REFERENCES countries (id);

ALTER TABLE brands_categories
ADD CONSTRAINT FK58ksmicdguvu4d7b6yglgqvxo
FOREIGN KEY (brand_id) REFERENCES brands (id);

ALTER TABLE brands_categories
ADD CONSTRAINT FK6x68tjj3eay19skqlhn7ls6ai
FOREIGN KEY (category_id) REFERENCES categories (id);

ALTER TABLE cart_items
ADD CONSTRAINT FK1re40cjegsfvw58xrkdp6bac6
FOREIGN KEY (product_id) REFERENCES products (id);

ALTER TABLE cart_items
ADD CONSTRAINT FKdagcsk6v6x4n1kxw3rkp57921
FOREIGN KEY (customer_id) REFERENCES customers (id);

ALTER TABLE categories
ADD CONSTRAINT FKsaok720gsu4u2wrgbk10b5n8d
FOREIGN KEY (parent_id) REFERENCES categories (id);

ALTER TABLE customers
ADD CONSTRAINT FK7b7p2myt0y31l4nyj1p7sk0b1
FOREIGN KEY (country_id) REFERENCES countries (id);

ALTER TABLE order_details
ADD CONSTRAINT FKjyu2qbqt8gnvno9oe9j2s2ldk
FOREIGN KEY (product_id) REFERENCES products (id);

ALTER TABLE order_details
ADD CONSTRAINT FK4q98utpd73imf4yhttm3w0eax
FOREIGN KEY (order_id) REFERENCES orders (id);

ALTER TABLE order_track
ADD CONSTRAINT FK31jv1s212kajfn3kk1ksmnyfl 
FOREIGN KEY (order_id) REFERENCES orders (id);

ALTER TABLE orders
ADD CONSTRAINT FKpxtb8awmi0dk6smoh2vp1litg
FOREIGN KEY (customer_id) REFERENCES customers (id);

ALTER TABLE product_images
ADD CONSTRAINT FKqnq71xsohugpqwf3c9gxmsuy
FOREIGN KEY (product_id) REFERENCES products (id);

ALTER TABLE product_details
ADD CONSTRAINT FKnfvvq3meg4ha3u1bju9k4is3r
FOREIGN KEY (product_id) REFERENCES products (id);

ALTER TABLE products
ADD CONSTRAINT FKa3a4mpsfdf4d2y6r8ra3sc8mv
FOREIGN KEY (brand_id) REFERENCES brands (id);

ALTER TABLE products
ADD CONSTRAINT FKog2rp4qthbtt2lfyhfo32lsw9
FOREIGN KEY (category_id) REFERENCES categories (id);

ALTER TABLE review_votes
ADD CONSTRAINT FK1gcn1t649dupg1tobjdeemyq0
FOREIGN KEY (customer_id) REFERENCES customers (id);

ALTER TABLE review_votes
ADD CONSTRAINT FK5bf4o4ap2v7g3qpxt8y28a38x
FOREIGN KEY (review_id) REFERENCES reviews (id);

ALTER TABLE reviews
ADD CONSTRAINT FK4sm0k8kw740iyuex3vwwv1etu
FOREIGN KEY (customer_id) REFERENCES customers (id);

ALTER TABLE reviews
ADD CONSTRAINT FKpl51cejpw4gy5swfar8br9ngi
FOREIGN KEY (product_id) REFERENCES products (id);

ALTER TABLE shipping_rates
ADD CONSTRAINT FKef7sfgeybt3xn13nlt2j6sljw 
FOREIGN KEY (country_id) REFERENCES countries (id);

ALTER TABLE states
ADD CONSTRAINT FKskkdphjml9vjlrqn4m5hi251y
FOREIGN KEY (country_id) REFERENCES countries (id);

ALTER TABLE users_roles
ADD CONSTRAINT FK2o0jvgh89lemvvo17cbqvdxaa
FOREIGN KEY (user_id) REFERENCES users (id);

ALTER TABLE users_roles
ADD CONSTRAINT FKj6m8fwv7oqv74fcehir1a9ffy
FOREIGN KEY (role_id) REFERENCES roles (id);